Last Name;First Name;Team;Opponent;Home/Away;Formation;Position;Games Played;Minutes;Starts;SubOn;SubOff;YellowCards;YellowRedCards;RedCards;Goals;Assists;SecondaryAssists;Shots;ShotsOnGoal;Interceptions;Crosses;AccurateCrosses;ChancesCreated;Blocks;TotalTackles;TacklesWon;FoulsCommitted;FoulsSuffered;Passes;AttemptedPasses;AccurateCrosses-OpenPlay;AerialsWon;BigChancesCreated;BallRecoveries;Dribbles;DuelsWon;Touches;TouchesInBox;ShotsInsideBox;ShotsOutsideBox;ShotsOnGoalInsideBox;ShotsOnGoalOutsideBox;GoalsInsideBox;GoalsOutsideBox;Dispossessed;OwnGoals;PenaltyKicksTaken;PenaltyKickGoals;PenaltyKickMisses;PenaltyKicksSaved;CornersTaken;CornerCrosses;CornersWon;FreeKickCrosses;FreeKickAccurateCrosses;FreeKickShots;FreeKickShotsOnGoal;FreeKickGoals;GoalsConceded;CleanSheets;Saves;SavesFromShotsInsideBox;SavesFromShotsOutsideBox;AccurateKeeperSweeper;PenaltyConceded;PenaltiesFaced;PenaltySaves;Clearances;EffectiveClearances;Punches
Raggi;Andrea;MON;REN;A;4411;DL;1;90;1;0;0;0;0;0;0;0;0;0;0;3;1;0;0;0;4;1;0;0;20;27;0;0;0;5;0;4;49;0;0;0;0;0;0;0;0;0;0;0;0;0;0;0;0;0;0;0;0;0;1;0;0;0;0;0;0;0;0;3;3;0
Falcao;Radamel ;MON;REN;A;4411;FW;1;90;1;0;0;0;0;0;0;1;0;0;0;0;0;0;3;0;0;0;1;3;14;15;0;3;1;2;0;6;30;2;0;0;0;0;0;0;3;0;0;0;0;0;0;0;0;0;0;0;0;0;1;0;0;0;0;0;0;0;0;2;2;0
Vizcarrondo;Oswaldo;TRO;NIC;H;4141;DC;1;90;1;0;0;0;0;0;0;0;0;0;0;1;0;0;0;1;2;1;0;1;40;45;0;0;0;4;0;3;51;0;0;0;0;0;0;0;0;0;0;0;0;0;0;0;0;0;0;0;0;0;2;0;0;0;0;0;0;0;0;0;0;0
Rafael;;LYO;TOU;H;433;DR;1;90;1;0;0;0;0;0;0;0;0;0;0;1;4;1;1;0;3;1;4;0;41;50;1;3;0;7;1;7;73;1;0;0;0;0;0;0;1;0;0;0;0;0;0;0;1;0;0;0;0;0;0;1;0;0;0;0;0;0;0;0;0;0
Kawashima;Eiji;MET;STR;A;4231;GK;1;90;1;0;0;0;0;0;0;0;0;0;0;0;0;0;0;0;0;0;0;0;9;23;0;0;0;9;0;0;37;0;0;0;0;0;0;0;0;0;0;0;0;0;0;0;0;0;0;0;0;0;2;0;3;3;0;0;0;0;0;0;0;0
Grenier;Clement;GUI;BDX;H;4231;AMC;1;90;1;0;0;0;0;0;1;0;0;3;1;3;6;1;2;0;5;5;1;2;35;49;0;1;0;10;1;9;81;0;0;3;0;1;0;1;1;0;0;0;0;0;4;4;1;2;0;2;1;1;1;0;0;0;0;0;0;0;0;2;2;0
Sanogo;Yaya;TOU;LYO;A;4141;FW;1;90;1;0;0;0;0;0;0;0;0;2;2;0;0;0;0;0;0;0;0;4;12;16;0;5;0;0;0;9;26;2;2;0;2;0;0;0;0;0;0;0;0;0;0;0;0;0;0;0;0;0;2;0;0;0;0;0;0;0;0;2;2;0
Payet;Dimitri;MAR;DIJ;A;4231;AMR;1;90;1;0;0;0;0;0;1;1;1;3;2;0;7;2;6;0;0;0;1;1;38;51;0;0;1;5;3;4;73;6;3;0;2;0;1;0;2;0;2;1;0;1;6;6;1;1;0;0;0;0;1;0;0;0;0;0;0;0;0;0;0;0
Luiz Gustavo;;MAR;DIJ;A;4231;DMC;1;90;1;0;0;0;0;0;0;0;0;0;0;4;1;0;0;0;2;1;1;0;38;42;0;1;0;5;1;4;57;1;0;0;0;0;0;0;0;0;0;0;0;0;0;0;0;0;0;0;0;0;1;0;0;0;0;0;0;0;0;2;2;0
Cabella;Remy;ETI;NTE;A;4231;AMC;1;90;1;0;0;0;0;0;2;1;0;6;4;0;1;1;2;0;5;4;3;4;48;58;0;0;0;9;3;12;93;8;4;2;3;1;1;1;5;0;0;0;0;0;3;1;1;0;0;0;0;0;0;1;0;0;0;0;0;0;0;0;0;0
Gradel;Max;TOU;LYO;A;4141;ML;1;90;1;0;0;0;0;0;0;0;0;2;1;0;8;2;3;0;1;0;0;1;17;21;1;0;0;4;2;4;49;2;0;2;0;1;0;0;2;0;0;0;0;0;2;2;2;1;0;0;0;0;2;0;0;0;0;0;0;0;0;0;0;0
Kakuta;Gael;AMN;LIL;A;4411;AMC;1;90;1;0;0;0;0;0;0;0;0;1;0;1;7;4;5;0;1;1;0;0;35;47;1;0;2;4;7;8;76;2;0;1;0;0;0;0;3;0;0;0;0;0;3;3;1;1;1;0;0;0;0;1;0;0;0;0;0;0;0;0;0;0
Marcelo;;LYO;TOU;H;433;DC;1;90;1;0;0;0;0;0;0;0;0;1;0;1;0;0;0;0;1;1;1;0;56;58;0;2;0;3;0;3;72;1;1;0;0;0;0;0;0;0;0;0;0;0;0;0;0;0;0;0;0;0;0;1;0;0;0;0;0;0;0;8;8;0
Khazri;Wahbi;REN;MON;H;4141;FW;1;90;1;0;0;0;0;0;0;0;0;2;1;0;3;0;4;0;2;2;4;4;28;36;0;0;1;6;2;8;55;7;1;1;1;0;0;0;0;0;0;0;0;0;2;1;1;0;0;0;0;0;1;0;0;0;0;0;0;0;0;0;0;0
Dante;;NIC;TRO;A;433;DC;1;90;1;0;0;0;0;0;0;0;0;1;0;3;0;0;2;3;1;1;0;2;77;90;0;4;1;6;1;7;111;1;1;0;0;0;0;0;0;0;0;0;0;0;0;0;0;0;0;0;0;0;0;1;0;0;0;0;0;0;0;4;4;0
Roux;Nolan;MET;STR;A;4231;AML;1;90;1;0;0;1;0;0;0;0;0;2;1;1;0;0;0;0;2;2;3;3;14;23;0;4;0;4;2;11;38;3;1;1;0;1;0;0;0;0;0;0;0;0;0;0;1;0;0;0;0;0;2;0;0;0;0;0;0;0;0;1;1;0
Subotic;Neven;ETI;NTE;A;4231;DC;1;90;1;0;0;0;0;0;0;1;0;0;0;0;0;0;1;0;2;2;0;0;38;48;0;1;0;2;0;3;56;1;0;0;0;0;0;0;0;0;0;0;0;0;0;0;0;0;0;0;0;0;0;1;0;0;0;0;0;0;0;4;4;0
Subasic;Danijel;MON;REN;A;4411;GK;1;90;1;0;0;0;0;0;0;0;0;0;0;0;0;0;0;0;0;0;0;0;15;28;0;0;0;12;0;0;46;0;0;0;0;0;0;0;0;0;0;0;0;0;0;0;0;0;0;0;0;0;1;0;6;2;4;0;0;0;0;1;1;0
Corgnet;Benjamin;STR;MET;H;41212;AMC;1;90;1;0;0;0;0;0;0;0;0;3;0;0;0;0;0;0;0;0;3;5;18;25;0;5;0;1;1;11;45;5;2;1;0;0;0;0;0;0;0;0;0;0;0;0;1;0;0;0;0;0;2;0;0;0;0;0;0;0;0;0;0;0
Ruffier;Stephane;ETI;NTE;A;4231;GK;1;90;1;0;0;0;0;0;0;0;0;0;0;0;0;0;0;0;0;0;0;0;27;41;0;0;0;8;0;0;51;0;0;0;0;0;0;0;0;0;0;0;0;0;0;0;0;0;0;0;0;0;0;1;4;2;2;0;0;0;0;0;0;0
Germain;Valere;MAR;DIJ;A;4231;FW;1;90;1;0;0;0;0;0;1;1;0;2;1;0;0;0;2;0;0;0;0;0;17;24;0;3;1;1;0;3;35;2;2;0;1;0;1;0;3;0;0;0;0;0;0;0;0;0;0;0;0;0;1;0;0;0;0;0;0;0;0;1;1;0
Dossevi;Matthieu;MET;STR;A;4231;AMR;1;90;1;0;0;0;0;0;0;1;0;1;1;0;2;1;3;1;0;0;2;4;18;22;1;0;1;9;5;9;53;4;1;0;1;0;0;0;2;0;0;0;0;0;0;0;0;0;0;0;0;0;2;0;0;0;0;0;0;0;0;1;1;0
Danze;Romain;REN;MON;H;4141;DR;1;90;1;0;0;0;0;0;0;0;0;1;0;2;7;2;1;0;1;1;2;0;40;47;2;3;0;1;0;4;86;1;1;0;0;0;0;0;1;0;0;0;0;0;0;0;0;0;0;0;0;0;1;0;0;0;0;0;0;0;0;1;1;0
Rebocho;Pedro;GUI;BDX;H;4231;DL;1;90;1;0;0;0;0;0;0;0;0;0;0;1;7;1;1;0;2;2;2;1;22;28;1;2;0;8;0;5;57;0;0;0;0;0;0;0;0;0;0;0;0;0;0;0;1;0;0;0;0;0;1;0;0;0;0;0;0;0;0;2;2;0
Ocampos;Lucas;MAR;DIJ;A;4231;AML;1;90;1;0;0;1;0;0;1;0;0;3;1;1;1;0;0;0;0;0;1;4;17;25;0;1;0;3;4;8;50;7;3;0;1;0;1;0;1;0;0;0;0;0;0;0;1;0;0;0;0;0;1;0;0;0;0;0;0;0;0;0;0;0
Maignan;Mike;LIL;AMN;H;442;GK;1;90;1;0;0;0;0;0;0;0;0;0;0;0;0;0;0;0;0;0;0;0;18;23;0;0;0;9;0;0;28;0;0;0;0;0;0;0;0;0;0;0;0;0;0;0;0;0;0;0;0;0;1;0;1;1;0;0;0;0;0;0;0;0
Glik;Kamil;MON;REN;A;4411;DC;1;90;1;0;0;0;0;0;0;0;0;1;0;2;0;0;0;1;1;0;2;3;45;52;0;1;0;3;0;5;67;1;1;0;0;0;0;0;0;0;0;0;0;0;0;0;0;0;0;0;0;0;1;0;0;0;0;0;0;0;0;6;6;0
Fabinho;;MON;REN;A;4411;MC;1;90;1;0;0;0;0;0;0;0;0;1;0;0;0;0;1;2;1;0;1;2;52;57;0;4;0;4;1;7;69;1;0;1;0;0;0;0;2;0;0;0;0;0;0;0;0;0;0;0;0;0;1;0;0;0;0;0;0;0;0;1;1;0
M'Vila;Yann;ETI;NTE;A;4231;DMC;1;90;1;0;0;0;0;0;0;0;0;0;0;1;0;0;0;0;0;0;0;1;50;54;0;0;0;8;0;1;64;0;0;0;0;0;0;0;2;0;0;0;0;0;0;0;0;0;0;0;0;0;0;1;0;0;0;0;0;0;0;4;4;0
Lopes;Anthony;LYO;TOU;H;433;GK;1;90;1;0;0;0;0;0;0;0;0;0;0;0;0;0;0;0;0;0;0;0;24;32;0;0;0;13;0;0;46;0;0;0;0;0;0;0;0;0;0;0;0;0;0;0;0;0;0;0;0;0;0;1;6;3;3;0;0;0;0;0;0;0
Kone;Bakary;STR;MET;H;41212;DC;1;90;1;0;0;0;0;0;0;0;0;0;0;4;0;0;1;0;0;0;2;3;28;35;0;4;0;4;0;6;48;1;0;0;0;0;0;0;1;0;0;0;0;0;0;0;0;0;0;0;0;0;2;0;0;0;0;0;1;0;0;5;5;0
Morel;Jeremy;LYO;TOU;H;433;DC;1;90;1;0;0;0;0;0;0;0;0;0;0;1;0;0;0;1;1;0;2;0;57;62;0;0;0;6;0;1;70;0;0;0;0;0;0;0;0;0;0;0;0;0;0;0;0;0;0;0;0;0;0;1;0;0;0;0;0;0;0;2;2;0
Tousart;Lucas;LYO;TOU;H;433;MC;1;90;1;0;0;1;0;0;0;0;0;0;0;2;0;0;0;1;4;3;1;0;36;41;0;0;0;7;0;4;51;0;0;0;0;0;0;0;1;0;0;0;0;0;0;0;1;0;0;0;0;0;0;1;0;0;0;0;0;0;0;1;1;0
Prcic;Sanjin;REN;MON;H;4141;DMC;1;90;1;0;0;0;0;0;0;1;0;2;1;0;2;1;1;0;4;1;0;1;46;51;1;3;1;7;0;8;62;0;0;2;0;1;0;0;0;0;0;0;0;0;0;0;1;0;0;0;0;0;1;0;0;0;0;0;0;0;0;0;0;0
Cissokho;Issa;AMN;LIL;A;4411;DR;1;90;1;0;0;1;0;0;0;0;0;0;0;3;2;1;1;0;0;0;1;1;27;36;1;0;0;5;0;1;60;0;0;0;0;0;0;0;0;0;0;0;0;0;0;0;0;0;0;0;0;0;0;1;0;0;0;0;0;0;0;2;2;0
Guilbert;Frederic;CAE;MTP;H;433;DR;1;90;1;0;0;1;0;0;0;0;0;0;0;3;3;0;0;0;7;4;4;2;34;43;0;4;0;13;0;13;86;0;0;0;0;0;0;0;1;0;0;0;0;0;0;0;0;0;0;0;0;0;3;0;0;0;0;0;0;0;0;5;5;0
Poundje;Maxime;BDX;GUI;A;433;DL;1;90;1;0;0;1;0;0;0;0;0;1;0;2;4;1;1;0;6;5;1;0;24;34;1;1;0;3;1;8;70;1;0;1;0;0;0;0;1;0;0;0;0;0;0;0;0;0;0;0;0;0;2;0;0;0;0;0;0;0;0;2;2;0
Vercoutre;Remy;CAE;MTP;H;433;GK;1;90;1;0;0;0;0;0;0;0;0;0;0;0;0;0;0;0;0;0;0;0;10;18;0;0;0;9;0;0;32;0;0;0;0;0;0;0;0;0;0;0;0;0;0;0;0;0;0;0;0;0;3;0;3;3;0;1;0;0;0;2;2;0
Bessat;Vincent;CAE;MTP;H;433;DL;1;90;1;0;0;0;0;0;0;0;0;1;1;1;4;0;0;0;1;1;1;0;33;46;0;0;0;4;0;1;72;0;0;1;0;1;0;0;0;0;0;0;0;0;0;0;0;0;0;0;0;0;3;0;0;0;0;0;0;0;0;2;2;0
Rodelin;Ronny;CAE;MTP;H;433;FWR;1;90;1;0;0;0;0;0;0;1;0;0;0;0;5;3;3;0;2;1;2;0;28;39;3;2;2;5;2;6;57;1;0;0;0;0;0;0;3;0;0;0;0;0;0;0;0;0;0;0;0;0;3;0;0;0;0;0;0;0;0;0;0;0
Sylla;Issiaga;TOU;LYO;A;4141;DL;1;90;1;0;0;0;0;0;0;0;0;0;0;4;3;0;0;0;2;2;1;0;30;37;0;2;0;8;1;5;60;0;0;0;0;0;0;0;0;0;0;0;0;0;0;0;0;0;0;0;0;0;2;0;0;0;0;0;0;0;0;3;3;0
Martinez;Pablo;STR;MET;H;41212;DC;1;90;1;0;0;1;0;0;0;0;0;3;0;2;0;0;0;1;2;2;1;3;24;33;0;4;0;6;0;9;50;3;2;1;0;0;0;0;0;0;0;0;0;0;0;0;1;0;0;0;0;0;2;0;0;0;0;0;0;0;0;5;5;0
Tatarusanu;Ciprian;NTE;ETI;H;4231;GK;1;90;1;0;0;0;0;0;0;0;0;0;0;0;0;0;0;0;0;0;0;1;18;25;0;0;0;8;0;1;38;0;0;0;0;0;0;0;0;0;0;0;0;0;0;0;0;0;0;0;0;0;3;0;4;4;0;1;0;0;0;0;0;0
Pallois;Nicolas;NTE;ETI;H;4231;DC;1;90;1;0;0;0;0;0;0;0;0;1;0;3;0;0;0;0;6;1;0;0;38;47;0;3;0;9;2;11;67;2;1;0;0;0;0;0;0;0;0;0;0;0;0;0;1;0;0;0;0;0;3;0;0;0;0;0;0;0;0;4;4;0
Sorbon;Jeremy;GUI;BDX;H;4231;DC;1;90;1;0;0;0;0;0;0;0;0;0;0;4;0;0;0;1;1;1;1;1;27;32;0;2;0;3;0;4;49;0;0;0;0;0;0;0;1;0;0;0;0;0;0;0;0;0;0;0;0;0;1;0;0;0;0;0;0;0;0;6;6;0
Kerbrat;Christophe;GUI;BDX;H;4231;DC;1;90;1;0;0;0;0;0;0;0;0;1;0;0;0;0;0;2;4;4;0;1;27;33;0;1;0;7;0;6;53;1;1;0;0;0;0;0;0;0;0;0;0;0;0;0;0;0;0;0;0;0;1;0;0;0;0;0;0;0;0;9;9;0
Briand;Jimmy;GUI;BDX;H;4231;FW;1;90;1;0;0;0;0;0;0;0;0;3;2;0;1;0;0;0;1;0;0;5;23;30;0;6;0;6;3;14;54;4;3;0;2;0;0;0;3;0;0;0;0;0;0;0;1;0;0;0;0;0;1;0;0;0;0;0;0;0;0;1;1;0
Sidibe;Djibril;MON;REN;A;4411;DR;1;90;1;0;0;0;0;0;0;0;0;0;0;3;1;0;0;0;3;2;1;1;44;51;0;2;0;4;1;7;77;0;0;0;0;0;0;0;1;0;0;0;0;0;0;0;0;0;0;0;0;0;1;0;0;0;0;0;0;0;0;1;1;0
Meite;Soualiho;BDX;GUI;A;433;MC;1;90;1;0;0;0;0;0;0;0;0;1;0;1;0;0;0;1;1;0;1;2;42;54;0;0;0;15;2;5;75;1;0;1;0;0;0;0;6;0;0;0;0;0;0;0;0;0;0;0;0;0;2;0;0;0;0;0;0;0;0;0;0;0
Lecomte;Benjamin;MTP;CAE;A;3421;GK;1;90;1;0;0;0;0;0;0;0;0;0;0;0;0;0;0;0;0;0;0;1;23;37;0;1;0;10;0;1;50;0;0;0;0;0;0;0;0;0;0;0;0;0;0;0;0;0;0;0;0;0;1;0;5;3;1;0;0;0;0;0;0;0
Lautoa;Wesley;DIJ;MAR;H;433;DC;1;90;1;0;0;0;0;0;0;0;0;0;0;1;0;0;0;0;3;1;2;1;25;35;0;3;0;4;0;7;50;1;0;0;0;0;0;0;1;0;0;0;0;0;0;0;0;0;0;0;0;0;3;0;0;0;0;0;1;0;0;8;8;0
Rolando;;MAR;DIJ;A;4231;DC;1;90;1;0;0;0;0;0;0;0;0;1;0;3;0;0;0;1;1;1;0;1;38;45;0;8;0;6;0;9;59;1;1;0;0;0;0;0;0;0;0;0;0;0;0;0;1;0;0;0;0;0;1;0;0;0;0;0;0;0;0;5;5;0
Sarr;Bouna;MAR;DIJ;A;4231;DR;1;90;1;0;0;1;0;0;0;0;0;0;0;2;0;0;1;0;3;3;1;1;45;52;0;2;0;10;5;11;85;0;0;0;0;0;0;0;0;0;0;0;0;0;0;0;1;0;0;0;0;0;1;0;0;0;0;0;0;0;0;2;2;0
Zambo Anguissa;Andre;MAR;DIJ;A;4231;DMC;1;90;1;0;0;0;0;0;0;0;0;1;0;1;0;0;0;1;3;3;3;1;50;52;0;1;0;11;4;9;69;1;1;0;0;0;0;0;0;0;0;0;0;0;0;0;0;0;0;0;0;0;1;0;0;0;0;0;0;0;0;1;1;0
Ndoram;Kevin;MON;REN;A;4411;MC;1;90;1;0;0;1;0;0;0;0;0;0;0;1;0;0;0;0;2;0;3;4;48;53;0;1;0;4;0;7;64;0;0;0;0;0;0;0;0;0;0;0;0;0;0;0;0;0;0;0;0;0;1;0;0;0;0;0;0;0;0;1;1;0
Congre;Daniel;MTP;CAE;A;3421;DC;1;90;1;0;0;0;0;0;0;0;0;1;0;2;0;0;0;1;0;0;0;3;42;47;0;4;0;6;0;7;62;1;1;0;0;0;0;0;0;0;0;0;0;0;0;0;1;0;0;0;0;0;1;0;0;0;0;0;0;0;0;5;5;0
Hilton;Vitorino;MTP;CAE;A;3421;DC;1;90;1;0;0;0;0;0;0;0;0;2;1;3;0;0;0;0;0;0;1;2;23;32;0;2;0;7;0;4;44;2;2;0;1;0;0;0;0;0;0;0;0;0;0;0;0;0;0;0;0;0;1;0;0;0;0;0;0;0;0;3;3;0
Roussillon;Jerome;MTP;CAE;A;3421;ML;1;90;1;0;0;0;0;0;0;0;1;0;0;3;0;0;0;0;4;2;1;0;39;46;0;0;0;6;0;4;75;1;0;0;0;0;0;0;1;0;0;0;0;0;0;0;0;0;0;0;0;0;1;0;0;0;0;0;0;0;0;4;4;0
Deplagne;Mathieu;TRO;NIC;H;4141;DR;1;90;1;0;0;1;0;0;0;0;0;0;0;0;3;0;0;1;2;1;1;0;42;48;0;2;0;6;1;5;69;2;0;0;0;0;0;0;1;0;0;0;0;0;0;0;1;0;0;0;0;0;2;0;0;0;0;0;0;0;0;2;2;0
Lasne;Paul;MTP;CAE;A;3421;MC;1;90;1;0;0;0;0;0;0;0;0;0;0;3;0;0;0;0;4;2;0;3;53;61;0;1;0;5;1;9;79;2;0;0;0;0;0;0;1;0;0;0;0;0;0;0;0;0;0;0;0;0;1;0;0;0;0;0;0;0;0;2;2;0
Sabaly;Youssouf;BDX;GUI;A;433;DR;1;90;1;0;0;0;0;0;0;0;0;0;0;2;6;2;0;1;3;3;2;0;41;51;2;3;0;8;4;10;91;0;0;0;0;0;0;0;1;0;0;0;0;0;0;0;0;0;0;0;0;0;2;0;0;0;0;0;0;0;0;2;2;0
Dubois;Leo;NTE;ETI;H;4231;DR;1;90;1;0;0;0;0;0;0;0;0;1;1;0;16;3;2;1;2;2;1;0;42;54;3;2;1;6;2;6;93;0;0;1;0;1;0;0;2;0;0;0;0;0;3;3;0;2;0;0;0;0;3;0;0;0;0;0;0;0;0;0;0;0
Rongier;Valentin;NTE;ETI;H;4231;AMC;1;90;1;0;0;1;0;0;0;0;0;2;1;0;2;0;0;0;1;0;3;2;64;71;0;0;0;9;2;5;86;0;0;2;0;1;0;0;3;0;0;0;0;0;0;0;0;0;0;0;0;0;3;0;0;0;0;0;0;0;0;0;0;0
Sala;Emiliano;NTE;ETI;H;4231;FW;1;90;1;0;0;0;0;0;0;0;0;5;1;0;1;1;3;0;0;0;2;2;17;25;1;3;0;0;2;7;40;5;5;0;1;0;0;0;0;0;0;0;0;0;0;0;0;0;0;0;0;0;3;0;0;0;0;0;0;0;0;0;0;0
Niane;Adama;TRO;NIC;H;4141;FW;1;90;1;0;0;0;0;0;0;0;0;4;0;0;1;0;1;0;1;1;1;1;15;21;0;1;0;4;1;4;34;4;2;2;0;0;0;0;1;0;0;0;0;0;0;0;3;0;0;0;0;0;2;0;0;0;0;0;0;0;0;0;0;0
Baysse;Paul;BDX;GUI;A;433;DC;1;90;1;0;0;0;0;0;0;0;0;1;0;2;0;0;0;1;0;0;1;1;48;55;0;8;0;8;0;9;75;1;1;0;0;0;0;0;0;0;0;0;0;0;0;0;0;0;0;0;0;0;2;0;0;0;0;0;0;0;0;13;13;0
Le Marchand;Maxime;NIC;TRO;A;433;DL;1;90;1;0;0;0;0;0;0;0;0;0;0;0;2;0;0;0;3;2;1;1;57;59;0;2;0;6;1;7;77;0;0;0;0;0;0;0;1;0;0;0;0;0;0;0;1;0;0;0;0;0;0;1;0;0;0;0;0;0;0;1;1;0
Plea;Alassane;NIC;TRO;A;433;FWL;1;90;1;0;0;0;0;0;2;0;0;7;5;2;0;0;1;0;0;0;0;1;30;37;0;0;1;8;5;6;64;8;4;3;3;2;1;1;1;0;0;0;0;0;0;0;2;0;0;0;0;0;0;1;0;0;0;0;0;0;0;1;1;0
Costil;Benoit;BDX;GUI;A;433;GK;1;90;1;0;0;0;0;0;0;0;0;0;0;0;0;0;0;0;0;0;0;0;24;36;0;0;0;9;0;0;43;0;0;0;0;0;0;0;0;0;0;0;0;0;0;0;0;0;0;0;0;0;2;0;4;3;1;0;0;0;0;0;0;0
Baal;Ludovic;REN;MON;H;4141;DL;1;90;1;0;0;0;0;0;0;0;0;0;0;1;1;0;1;2;1;1;0;2;39;50;0;6;0;8;1;10;76;0;0;0;0;0;0;0;0;0;0;0;0;0;0;0;1;0;0;0;0;0;1;0;0;0;0;0;0;0;0;2;2;0
Andre;Benjamin;REN;MON;H;4141;MC;1;90;1;0;0;0;0;0;0;0;0;3;1;0;1;1;0;0;1;1;7;2;60;68;1;7;0;11;2;12;87;3;2;1;1;0;0;0;2;0;0;0;0;0;0;0;0;0;0;0;0;0;1;0;0;0;0;0;0;0;0;2;2;0
Djiku;Alexander;CAE;MTP;H;433;DC;1;90;1;0;0;0;0;0;0;0;0;1;0;5;0;0;0;0;3;2;2;2;56;64;0;2;0;9;0;7;89;2;1;0;0;0;0;0;0;0;0;0;0;0;0;0;0;0;0;0;0;0;3;0;0;0;0;0;0;0;0;6;6;0
Cahuzac;Yannick;TOU;LYO;A;4141;DMC;1;90;1;0;0;1;0;0;0;0;0;0;0;4;0;0;0;2;4;2;1;0;28;34;0;0;0;3;0;4;50;0;0;0;0;0;0;0;0;0;0;0;0;0;0;0;0;0;0;0;0;0;2;0;0;0;0;0;0;0;0;2;2;0
Traore;Charles;TRO;NIC;H;4141;DL;1;90;1;0;0;0;0;0;0;0;0;1;0;1;4;1;0;0;1;0;1;1;27;33;1;0;0;5;0;2;52;0;0;1;0;0;0;0;0;0;0;0;0;0;0;0;0;0;0;0;0;0;2;0;0;0;0;0;0;0;0;1;1;0
Darbion;Stephane;TRO;NIC;H;4141;ML;1;90;1;0;0;0;0;0;0;0;0;1;0;0;9;4;1;0;1;1;0;0;25;30;3;0;0;8;4;5;54;2;1;0;0;0;0;0;2;0;0;0;0;0;1;1;1;1;0;0;0;0;2;0;0;0;0;0;0;0;0;0;0;0
Azamoum;Karim;TRO;NIC;H;4141;MC;1;90;1;0;0;0;0;0;0;0;0;2;1;1;0;0;0;2;1;1;4;0;26;30;0;0;0;4;0;1;40;4;1;1;0;1;0;0;1;0;0;0;0;0;1;0;1;0;0;1;1;0;2;0;0;0;0;0;0;0;0;0;0;0
Lafont;Alban;TOU;LYO;A;4141;GK;1;90;1;0;0;0;0;0;0;0;0;0;0;0;0;0;0;0;0;0;0;0;23;32;0;0;0;6;0;0;39;0;0;0;0;0;0;0;0;0;0;0;0;0;0;0;0;0;0;0;0;0;2;0;3;3;0;0;0;1;0;1;1;0
Didot;Etienne;GUI;BDX;H;4231;DMC;1;90;1;0;0;1;0;0;0;0;0;0;0;0;1;1;1;1;3;2;2;2;48;58;1;2;0;9;0;7;73;0;0;0;0;0;0;0;0;0;0;0;0;0;0;0;0;0;0;0;0;0;1;0;0;0;0;0;0;0;0;1;1;0
Perrin;Loic;ETI;NTE;A;4231;DC;1;90;1;0;0;0;0;0;0;0;0;0;0;1;0;0;0;2;0;0;2;3;44;46;0;0;0;6;1;4;57;1;0;0;0;0;0;0;0;0;0;0;0;0;0;0;0;0;0;0;0;0;0;1;0;0;0;0;0;0;0;3;3;0
Malcuit;Kevin;LIL;AMN;H;442;DR;1;90;1;0;0;0;0;0;0;0;0;0;0;1;7;3;2;0;2;2;1;1;68;83;3;0;0;12;5;8;119;1;0;0;0;0;0;0;0;0;0;0;0;0;0;0;0;0;0;0;0;0;1;0;0;0;0;0;0;0;0;0;0;0
Cohade;Renaud;MET;STR;A;4231;DMC;1;90;1;0;0;0;0;0;0;0;0;0;0;1;1;0;2;1;6;3;0;1;35;44;0;6;0;4;0;13;65;1;0;0;0;0;0;0;0;0;0;0;0;0;0;0;0;1;0;0;0;0;2;0;0;0;0;0;0;0;0;2;2;0
Bamba;Jonathan;ETI;NTE;A;4231;AMR;1;90;1;0;0;0;0;0;0;1;0;1;1;2;2;0;2;0;1;1;1;1;31;40;0;2;1;6;4;8;72;6;1;0;1;0;0;0;3;0;0;0;0;0;0;0;2;0;0;0;0;0;0;1;0;0;0;0;0;0;0;0;0;0
Krhin;Rene;NTE;ETI;H;4231;DMC;1;90;1;0;0;0;0;0;0;0;0;1;0;0;0;0;1;0;2;2;0;1;45;49;0;4;0;4;2;9;59;1;0;1;0;0;0;0;0;0;0;0;0;0;0;0;0;0;0;0;0;0;3;0;0;0;0;0;0;0;0;0;0;0
Diop;Issa;TOU;LYO;A;4141;DC;1;90;1;0;0;0;0;0;0;0;0;0;0;3;0;0;0;1;1;1;0;2;32;40;0;0;0;5;2;5;54;0;0;0;0;0;0;0;0;0;0;0;0;0;0;0;0;0;0;0;0;0;2;0;0;0;0;0;0;0;0;1;1;0
Silva;Gabriel;ETI;NTE;A;4231;DL;1;90;1;0;0;0;0;0;0;0;0;1;0;1;0;0;1;0;1;0;3;1;27;32;0;1;0;3;0;3;56;1;0;1;0;0;0;0;3;0;0;0;0;0;0;0;0;0;0;0;0;0;0;1;0;0;0;0;0;0;0;3;3;0
Jemerson;;MON;REN;A;4411;DC;1;90;1;0;0;1;0;0;0;0;0;1;0;3;0;0;0;0;4;1;4;1;38;47;0;1;0;2;0;6;65;1;1;0;0;0;0;0;1;0;0;0;0;0;0;0;0;0;0;0;0;0;1;0;0;0;0;0;0;0;0;6;6;0
Malcom;;BDX;GUI;A;433;FWR;1;90;1;0;0;0;0;0;1;0;0;5;3;1;8;5;5;0;0;0;2;4;37;47;2;1;0;4;4;9;79;3;3;2;2;1;1;0;1;0;1;0;0;1;5;4;1;1;0;0;0;0;2;0;0;0;0;0;0;0;0;0;0;0
Selnaes;Ole;ETI;NTE;A;4231;DMC;1;90;1;0;0;0;0;0;0;0;0;0;0;1;0;0;0;1;4;2;2;1;44;54;0;1;0;3;0;6;70;0;0;0;0;0;0;0;0;0;0;0;0;0;0;0;0;0;0;0;0;0;0;1;0;0;0;0;0;0;0;4;4;0
Gnagnon;Joris;REN;MON;H;4141;DC;1;90;1;0;0;0;0;0;1;0;0;2;1;0;0;0;0;0;2;1;1;0;33;38;0;1;0;5;0;3;45;3;2;0;1;0;1;0;0;0;0;0;0;0;0;0;0;0;0;0;0;0;1;0;0;0;0;0;0;0;0;2;2;0
Koubek;Tomas;REN;MON;H;4141;GK;1;90;1;0;0;0;0;0;0;0;0;0;0;0;0;0;0;0;0;0;0;0;15;23;0;0;0;3;0;0;28;0;0;0;0;0;0;0;0;0;0;0;0;0;0;0;0;0;0;0;0;0;1;0;1;0;1;1;0;0;0;2;2;1
Reynet;Baptiste;DIJ;MAR;H;433;GK;1;90;1;0;0;1;0;0;0;0;0;0;0;0;0;0;0;0;0;0;0;1;15;29;0;0;0;10;0;1;37;0;0;0;0;0;0;0;0;0;0;0;0;0;0;0;0;0;0;0;0;0;3;0;2;1;1;0;0;2;1;1;1;1
Souquet;Arnaud;NIC;TRO;A;433;DR;1;90;1;0;0;0;0;0;0;0;0;0;0;3;2;0;1;0;5;4;0;0;54;57;0;0;0;4;1;6;75;1;0;0;0;0;0;0;0;0;0;0;0;0;0;0;0;0;0;0;0;0;0;1;0;0;0;0;0;0;0;1;1;0
Amalfitano;Romain;DIJ;MAR;H;433;MC;1;90;1;0;0;0;0;0;0;0;0;0;0;1;0;0;0;0;3;2;0;4;25;36;0;3;0;8;1;11;49;0;0;0;0;0;0;0;0;0;0;0;0;0;0;0;0;0;0;0;0;0;3;0;0;0;0;0;0;0;0;0;0;0
Lees-Melou;Pierre;NIC;TRO;A;433;MC;1;90;1;0;0;0;0;0;0;0;0;2;1;1;0;0;1;0;2;1;0;3;59;63;0;0;0;9;1;6;76;1;1;1;1;0;0;0;1;0;0;0;0;0;0;0;1;0;0;0;0;0;0;1;0;0;0;0;0;0;0;1;1;0
Rosier;Valentin;DIJ;MAR;H;433;DR;1;90;1;0;0;0;0;0;0;0;0;0;0;1;2;0;1;0;0;0;4;1;31;38;0;0;0;7;1;2;68;0;0;0;0;0;0;0;2;0;0;0;0;0;0;0;0;0;0;0;0;0;3;0;0;0;0;0;0;0;0;2;2;0
Tavares;Julio;DIJ;MAR;H;433;FW;1;90;1;0;0;0;0;0;0;0;0;4;0;0;1;0;0;1;1;1;1;0;16;22;0;8;0;0;0;9;35;5;3;1;0;0;0;0;2;0;0;0;0;0;0;0;1;0;0;0;0;0;3;0;0;0;0;0;0;0;0;0;0;0
Rivierez;Jonathan;MET;STR;A;4231;DL;1;90;1;0;0;0;0;0;0;0;0;0;0;0;3;1;0;0;0;0;2;0;14;21;1;1;0;2;1;2;55;0;0;0;0;0;0;0;0;0;0;0;0;0;0;0;0;0;0;0;0;0;2;0;0;0;0;0;0;0;0;5;5;0
Pepe;Nicolas;LIL;AMN;H;442;FW;1;90;1;0;0;0;0;0;0;0;0;3;0;0;2;0;1;0;0;0;1;2;38;48;0;2;0;0;4;8;69;7;2;1;0;0;0;0;4;0;0;0;0;0;0;0;0;0;0;0;0;0;1;0;0;0;0;0;0;0;0;0;0;0
Ikone;Nanitamo Jonathan;MTP;CAE;A;3421;AMC;1;90;1;0;0;0;0;0;0;0;0;0;0;0;2;0;1;0;1;1;2;1;25;37;0;0;1;4;4;6;56;4;0;0;0;0;0;0;1;0;0;0;0;0;1;1;0;1;0;0;0;0;1;0;0;0;0;0;0;0;0;1;1;0
Lima;Lucas;NTE;ETI;H;4231;DL;1;90;1;0;0;0;0;0;0;0;0;0;0;2;9;2;1;0;2;2;2;1;45;60;1;1;1;9;1;5;96;2;0;0;0;0;0;0;0;0;0;0;0;0;3;2;0;1;1;0;0;0;3;0;0;0;0;0;0;0;0;1;1;0
Diego Carlos;;NTE;ETI;H;4231;DC;1;90;1;0;0;0;0;0;0;0;0;1;0;1;1;1;3;1;3;2;2;0;49;61;1;4;0;7;0;7;75;4;1;0;0;0;0;0;0;0;0;0;0;0;0;0;0;0;0;0;0;0;3;0;0;0;0;0;0;0;0;3;3;0
Cyprien;Wylan;NIC;TRO;A;433;MC;1;90;1;0;0;0;0;0;0;1;0;0;0;2;5;1;3;0;0;0;0;3;93;97;0;0;1;6;0;3;116;0;0;0;0;0;0;0;2;0;0;0;0;0;5;4;0;1;1;0;0;0;0;1;0;0;0;0;0;0;0;0;0;0
Benitez;Walter;NIC;TRO;A;433;GK;1;90;1;0;0;0;0;0;0;0;0;0;0;0;0;0;0;0;0;0;0;1;19;21;0;1;0;9;0;2;36;0;0;0;0;0;0;0;0;0;0;0;0;0;0;0;0;0;0;0;0;0;0;1;3;1;2;0;0;0;0;1;1;1
Sangare;Ibrahim;TOU;LYO;A;4141;MC;1;90;1;0;0;0;0;0;0;0;0;1;1;0;0;0;2;2;8;5;3;1;42;62;0;2;0;12;4;15;90;1;1;0;1;0;0;0;3;0;0;0;0;0;0;0;0;0;0;0;0;0;2;0;0;0;0;0;1;0;0;3;3;0
Johnsson;Karl-Johan;GUI;BDX;H;4231;GK;1;90;1;0;0;0;0;0;0;0;0;0;0;0;0;0;0;0;0;0;0;0;13;24;0;0;0;6;0;0;31;0;0;0;0;0;0;0;0;0;0;0;0;0;0;0;0;0;0;0;0;0;1;0;5;3;2;0;0;1;1;0;0;0
Ikoko;Jordan;GUI;BDX;H;4231;DR;1;90;1;0;0;0;0;0;0;0;0;0;0;1;4;3;1;0;1;1;1;1;24;29;3;1;0;7;2;5;57;0;0;0;0;0;0;0;2;0;0;0;0;0;0;0;0;0;0;0;0;0;1;0;0;0;0;0;1;0;0;3;3;0
Santini;Ivan;CAE;MTP;H;433;FW;1;90;1;0;0;0;0;0;1;0;0;2;2;0;2;0;1;0;0;0;6;1;17;22;0;5;0;1;0;6;32;4;2;0;2;0;1;0;0;0;0;0;0;0;0;0;3;0;0;0;0;0;3;0;0;0;0;0;0;0;0;0;0;0
Sankoh;Baissama;CAE;MTP;H;433;MC;1;90;1;0;0;0;0;0;0;0;0;0;0;2;0;0;0;1;2;2;2;1;32;39;0;2;0;10;0;5;54;0;0;0;0;0;0;0;2;0;0;0;0;0;0;0;0;0;0;0;0;0;3;0;0;0;0;0;0;0;0;3;3;0
Amian;Kelvin Adou;TOU;LYO;A;4141;DR;1;90;1;0;0;0;0;0;0;0;0;1;1;0;1;1;2;1;3;2;2;2;21;25;1;0;0;3;0;5;49;0;0;1;0;1;0;0;1;0;0;0;0;0;0;0;0;0;0;0;0;0;2;0;0;0;0;0;0;0;0;2;2;0
Marlon;;NIC;TRO;A;433;DC;1;90;1;0;0;0;0;0;0;0;0;0;0;0;0;0;0;2;2;2;1;0;72;78;0;3;0;2;0;5;88;0;0;0;0;0;0;0;0;0;0;0;0;0;0;0;0;0;0;0;0;0;0;1;0;0;0;0;0;0;0;2;2;0
Aouar;Houssem;LYO;TOU;H;433;MC;1;90;1;0;0;0;0;0;0;1;0;6;1;0;0;0;2;0;3;1;0;0;60;69;0;1;0;6;2;6;90;7;3;3;1;0;0;0;1;0;0;0;0;0;0;0;2;0;0;0;0;0;0;1;0;0;0;0;0;0;0;2;2;0
Mothiba;Lebo;LIL;AMN;H;442;FW;1;90;1;0;0;0;0;0;0;0;0;1;0;0;0;0;4;0;1;1;1;0;24;28;0;0;0;1;1;2;47;6;1;0;0;0;0;0;4;0;0;0;0;0;0;0;0;0;0;0;0;0;1;0;0;0;0;0;0;0;0;1;1;0
Mukiele;Nordi;MTP;CAE;A;3421;DC;1;90;1;0;0;0;0;0;0;0;0;0;0;5;0;0;0;0;1;1;0;2;53;59;0;2;0;10;2;7;77;0;0;0;0;0;0;0;1;0;0;0;0;0;0;0;0;0;0;0;0;0;1;0;0;0;0;0;0;0;0;3;3;0
Haddadi;Oussama;DIJ;MAR;H;433;DL;1;90;1;0;0;0;0;0;0;1;0;0;0;2;4;1;1;0;2;2;0;0;21;26;1;0;0;4;0;2;57;1;0;0;0;0;0;0;2;0;0;0;0;0;0;0;0;0;0;0;0;0;3;0;0;0;0;0;0;0;0;4;4;0
Xeka;;DIJ;MAR;H;433;MC;1;90;1;0;0;0;0;0;0;0;0;3;1;1;8;3;4;0;4;1;0;2;22;33;0;1;0;7;1;8;58;3;2;1;1;0;0;0;1;0;0;0;0;0;6;5;1;1;0;0;0;0;3;0;0;0;0;0;0;0;0;0;0;0
Kamara;Boubacar;MAR;DIJ;A;4231;DL;1;90;1;0;0;0;0;0;0;0;0;0;0;0;2;0;0;1;2;2;2;1;34;40;0;4;0;5;0;7;67;1;0;0;0;0;0;0;2;0;0;0;0;0;0;0;0;0;0;0;0;0;1;0;0;0;0;0;0;0;0;5;5;0
Mendes;Thiago;LIL;AMN;H;442;MR;1;90;1;0;0;0;0;0;0;0;0;5;0;0;0;0;4;0;1;1;3;3;59;69;0;1;0;8;1;6;88;2;2;3;0;0;0;0;0;0;0;0;0;0;0;0;1;0;0;0;0;0;1;0;0;0;0;0;0;0;0;0;0;0
Maia;Thiago;LIL;AMN;H;442;MC;1;90;1;0;0;0;0;0;0;0;0;0;0;5;0;0;0;0;5;4;0;2;75;82;0;0;0;16;1;8;105;1;0;0;0;0;0;0;3;0;0;0;0;0;0;0;0;0;0;0;0;0;1;0;0;0;0;0;0;0;0;1;1;0
Mendy;Ferland;LYO;TOU;H;433;DL;1;90;1;0;0;0;0;0;0;0;0;1;0;0;2;0;2;0;4;3;4;2;56;63;0;2;0;8;2;10;91;4;1;0;0;0;0;0;1;0;0;0;0;0;0;0;0;0;0;0;0;0;0;1;0;0;0;0;0;0;0;1;1;0
Gouano;Prince;AMN;LIL;A;4411;DC;1;90;1;0;0;0;0;0;0;0;0;1;0;1;0;0;0;2;1;0;0;0;24;28;0;3;0;3;0;4;41;1;1;0;0;0;0;0;0;0;0;0;0;0;0;0;0;0;0;0;0;0;0;1;0;0;0;0;0;0;0;7;7;0
Adenon;Khaled;AMN;LIL;A;4411;DC;1;90;1;0;0;1;0;0;0;0;0;0;0;5;0;0;0;2;2;0;3;1;32;38;0;3;0;9;0;6;56;0;0;0;0;0;0;0;0;0;0;0;0;0;0;0;0;0;0;0;0;0;0;1;0;0;0;0;0;0;0;3;3;0
Dibassy;Bakaye;AMN;LIL;A;4411;DL;1;90;1;0;0;0;0;0;0;0;0;0;0;3;1;0;0;0;1;0;1;2;18;26;0;0;0;6;1;4;53;0;0;0;0;0;0;0;0;0;0;0;0;0;0;0;0;0;0;0;0;0;0;1;0;0;0;0;0;0;0;3;3;0
Gurtner;Regis;AMN;LIL;A;4411;GK;1;90;1;0;0;0;0;0;0;0;0;0;0;0;0;0;0;0;0;0;0;1;7;25;0;0;0;12;0;1;33;0;0;0;0;0;0;0;0;0;0;0;0;0;0;0;0;0;0;0;0;0;0;1;3;1;2;0;0;0;0;0;0;0
Monconduit;Thomas;AMN;LIL;A;4411;MC;1;90;1;0;0;0;0;0;0;0;0;0;0;0;0;0;1;0;6;5;5;1;42;52;0;1;0;12;3;11;70;0;0;0;0;0;0;0;1;0;0;0;0;0;0;0;0;0;0;0;0;0;0;1;0;0;0;0;0;0;0;3;3;0
NDombele;Tanguy;LYO;TOU;H;433;MC;1;90;1;0;0;0;0;0;0;0;0;1;0;0;0;0;2;0;2;1;0;3;50;55;0;0;1;7;1;6;72;3;0;1;0;0;0;0;3;0;0;0;0;0;0;0;0;0;0;0;0;0;0;1;0;0;0;0;0;0;0;0;0;0
Oukidja;Alexandre;STR;MET;H;41212;GK;1;90;1;0;0;0;0;0;0;0;0;0;0;0;0;0;0;0;0;0;0;0;10;22;0;1;0;11;0;1;32;0;0;0;0;0;0;0;0;0;0;0;0;0;0;0;0;0;0;0;0;0;2;0;3;2;1;0;0;1;0;0;0;0
Seka;Ernest;STR;MET;H;41212;DR;1;90;1;0;0;0;0;0;1;0;0;1;1;1;0;0;0;1;1;1;1;0;23;38;0;1;0;7;1;3;57;2;1;0;1;0;1;0;1;0;0;0;0;0;0;0;0;0;0;0;0;0;2;0;0;0;0;0;0;0;0;1;1;0
Aholou;Jean-Eudes;STR;MET;H;41212;DMC;1;90;1;0;0;0;0;0;0;0;0;1;0;0;0;0;1;0;2;0;1;2;24;30;0;1;0;6;0;5;41;1;0;1;0;0;0;0;1;0;0;0;0;0;0;0;0;0;0;0;0;0;2;0;0;0;0;0;0;0;0;2;2;0
Lienard;Dimitri;STR;MET;H;41212;ML;1;90;1;0;0;1;0;0;0;0;0;4;0;2;11;7;6;0;3;1;2;1;26;44;2;1;3;9;3;8;80;2;1;3;0;0;0;0;3;0;0;0;0;0;5;5;1;3;3;0;0;0;2;0;0;0;0;0;0;0;0;0;0;0
Bahoken;Stephane;STR;MET;H;41212;FW;1;90;1;0;0;1;0;0;1;0;0;1;1;1;1;0;1;0;0;0;2;4;4;10;0;2;0;2;0;6;29;2;1;0;1;0;1;0;4;0;0;0;0;0;0;0;0;0;0;0;0;0;2;0;0;0;0;0;0;0;0;0;0;0
Lerager;Lukas;BDX;GUI;A;433;MC;1;90;1;0;0;0;0;0;0;0;0;2;1;4;1;0;1;0;3;2;1;2;32;45;0;4;0;9;0;9;61;1;1;1;0;1;0;0;0;0;0;0;0;0;0;0;1;0;0;0;0;0;2;0;0;0;0;0;0;0;0;1;1;0
Zelazny;Erwin;TRO;NIC;H;4141;GK;1;90;1;0;0;0;0;0;0;0;0;0;0;0;0;0;0;0;0;0;0;0;21;27;0;0;0;5;0;0;37;0;0;0;0;0;0;0;0;0;0;0;0;0;0;0;0;0;0;0;0;0;2;0;4;3;1;0;0;0;0;0;0;0
Herelle;Christophe;TRO;NIC;H;4141;DC;1;90;1;0;0;0;0;0;0;0;0;0;0;1;0;0;0;0;1;0;0;0;43;47;0;1;0;4;0;2;54;0;0;0;0;0;0;0;0;0;0;0;0;0;0;0;0;0;0;0;0;0;2;0;0;0;0;0;0;0;0;5;5;0
Ie;Edgar;LIL;AMN;H;442;DC;1;90;1;0;0;0;0;0;0;0;0;0;0;4;0;0;0;1;4;2;1;0;32;43;0;3;0;7;0;7;59;2;0;0;0;0;0;0;0;0;0;0;0;0;0;0;0;0;0;0;0;0;1;0;0;0;0;0;0;0;0;3;3;0
Peeters;Stef;CAE;MTP;H;433;MC;1;90;1;0;0;0;0;0;0;0;0;3;2;0;5;2;1;0;3;1;2;1;42;58;0;1;0;2;0;5;75;3;2;1;2;0;0;0;0;0;0;0;0;0;2;2;1;3;1;0;0;0;3;0;0;0;0;0;0;0;0;0;0;0
Bourigeaud;Benjamin;REN;MON;H;4141;ML;1;90;1;0;0;0;0;0;0;0;0;4;2;1;9;3;4;0;2;1;2;0;41;51;1;0;1;3;1;3;83;4;1;3;0;2;0;0;0;0;0;0;0;0;6;3;2;2;0;0;0;0;1;0;0;0;0;0;0;0;0;0;0;0
Aguilar;Ruben;MTP;CAE;A;3421;MR;1;90;1;0;0;0;0;0;0;0;0;1;1;3;1;0;0;0;5;3;2;2;38;44;0;2;0;6;1;10;87;1;1;0;1;0;0;0;3;0;0;0;0;0;0;0;2;0;0;0;0;0;1;0;0;0;0;0;0;0;0;6;6;0
Niakhate;Moussa;MET;STR;A;4231;DC;1;90;1;0;0;1;0;0;0;0;0;0;0;1;1;1;0;1;2;0;3;1;15;25;1;4;0;6;2;9;38;0;0;0;0;0;0;0;0;0;0;0;0;0;0;0;0;0;0;0;0;0;2;0;0;0;0;0;0;0;0;2;2;0
Poblete;Geronimo;MET;STR;A;4231;DMC;1;90;1;0;0;0;0;0;0;0;0;0;0;0;0;0;0;0;4;2;1;1;22;29;0;0;0;9;0;5;37;0;0;0;0;0;0;0;0;0;0;0;0;0;0;0;0;0;0;0;0;0;2;0;0;0;0;0;0;0;0;0;0;0
Toure Ballo;Fode;LIL;AMN;H;442;DL;1;90;1;0;0;0;0;0;0;0;0;0;0;0;1;0;0;0;3;0;0;0;44;53;0;1;0;5;0;4;70;0;0;0;0;0;0;0;0;0;0;0;0;0;0;0;1;0;0;0;0;0;1;0;0;0;0;0;0;0;0;0;0;0
Zungu;Bongani;AMN;LIL;A;4411;MC;1;90;1;0;0;0;0;0;0;0;0;0;0;1;1;0;0;0;5;4;2;0;41;49;0;1;0;6;0;6;61;0;0;0;0;0;0;0;0;0;0;0;0;0;0;0;0;0;0;0;0;0;0;1;0;0;0;0;0;0;0;3;3;0
Gelin;Jeremy;REN;MON;H;4141;DC;1;90;1;0;0;0;0;0;0;0;0;1;0;3;0;0;0;0;1;1;2;0;45;51;0;2;0;6;0;3;59;1;1;0;0;0;0;0;0;0;0;0;0;0;0;0;0;0;0;0;0;0;1;0;0;0;0;0;0;0;0;2;2;0
Kounde;Jules;BDX;GUI;A;433;DC;1;90;1;0;0;0;0;0;0;0;0;0;0;1;0;0;1;1;2;2;1;1;43;56;0;4;0;11;1;8;75;1;0;0;0;0;0;0;0;0;0;0;0;0;0;0;0;0;0;0;0;0;2;0;0;0;0;0;0;0;0;10;10;0
Yambere;Cedric;DIJ;MAR;H;433;DC;1;89;1;0;0;0;0;1;0;0;0;0;0;1;0;0;0;1;2;1;1;0;23;30;0;3;0;4;0;5;39;0;0;0;0;0;0;0;0;0;0;0;0;0;0;0;1;0;0;0;0;0;3;0;0;0;0;0;1;0;0;3;3;0
Benezet;Nicolas;GUI;BDX;H;4231;AML;1;89;1;0;1;0;0;0;0;0;0;0;0;0;2;0;0;0;1;1;1;1;31;44;0;0;0;6;5;7;58;0;0;0;0;0;0;0;2;0;0;0;0;0;0;0;0;0;0;0;0;0;1;0;0;0;0;0;0;0;0;1;1;0
Riviere;Emmanuel;MET;STR;A;4231;FW;1;89;1;0;1;0;0;0;1;0;0;5;1;0;1;0;0;0;0;0;4;2;18;30;0;11;0;1;0;13;43;5;3;2;1;0;1;0;1;0;1;1;0;0;0;0;0;0;0;0;0;0;2;0;0;0;0;0;0;0;0;0;0;0
Depay;Memphis;LYO;TOU;H;433;FW;1;88;1;0;1;0;0;0;2;0;0;6;2;0;11;4;3;0;0;0;0;2;30;37;1;0;0;2;3;5;73;6;4;2;1;1;1;1;4;0;1;1;0;0;8;8;1;1;1;0;0;0;0;0;0;0;0;0;0;0;0;0;0;0
Konate;Moussa;AMN;LIL;A;4411;FW;1;85;1;0;1;0;0;0;0;0;0;4;1;0;1;0;0;0;0;0;1;1;11;16;0;4;0;4;1;6;36;6;4;0;1;0;0;0;5;0;0;0;0;0;0;0;0;0;0;0;0;0;0;0;0;0;0;0;0;0;0;0;0;0
Balotelli;Mario;NIC;TRO;A;433;FW;1;84;1;0;1;0;0;0;0;0;0;1;0;0;0;0;2;0;0;0;1;1;32;38;0;2;1;0;2;5;54;4;0;1;0;0;0;0;2;0;0;0;0;0;0;0;0;0;0;1;0;0;0;0;0;0;0;0;0;0;0;3;3;0
Feret;Julien;CAE;MTP;H;433;MC;1;84;1;0;1;0;0;0;0;0;0;1;0;3;3;0;1;0;2;2;1;1;43;50;0;1;1;12;0;4;68;2;1;0;0;0;0;0;2;0;0;0;0;0;2;2;0;0;0;0;0;0;3;0;0;0;0;0;0;0;0;3;3;0
Seri;Jean Michael;NIC;TRO;A;433;MC;1;84;1;0;1;0;0;0;0;0;0;1;0;2;0;0;1;0;3;2;0;2;89;95;0;0;0;4;2;7;109;1;1;0;0;0;0;0;0;0;0;0;0;0;0;0;0;0;0;0;0;0;0;0;0;0;0;0;0;0;0;2;2;0
Saint-Maximin;Allan;NIC;TRO;A;433;FWR;1;82;1;0;1;0;0;0;0;0;0;3;0;0;1;0;1;0;0;0;1;0;35;41;0;0;0;6;5;5;58;6;2;1;0;0;0;0;0;0;0;0;0;0;0;0;1;0;0;0;0;0;0;0;0;0;0;0;0;0;0;0;0;0
Traore;Bertrand;LYO;TOU;H;433;FWR;1;82;1;0;1;0;0;0;0;0;0;2;0;2;1;0;0;0;0;0;0;1;45;48;0;0;0;2;4;5;69;6;2;0;0;0;0;0;3;0;0;0;0;0;0;0;1;0;0;0;0;0;0;0;0;0;0;0;0;0;0;0;0;0
Mendoza;Stiven;AMN;LIL;A;4411;MR;1;82;1;0;1;0;0;0;1;0;0;1;1;3;0;0;0;0;1;1;0;1;32;37;0;0;0;13;3;5;60;1;1;0;1;0;1;0;4;0;0;0;0;0;0;0;0;0;0;0;0;0;0;0;0;0;0;0;0;0;0;0;0;0
Sarr;Ismaila;REN;MON;H;4141;MR;1;81;1;0;1;0;0;0;0;0;0;1;0;1;3;1;1;0;2;0;0;2;21;28;1;0;0;4;1;5;48;7;1;0;0;0;0;0;4;0;0;0;0;0;0;0;2;0;0;0;0;0;1;0;0;0;0;0;0;0;0;0;0;0
Rami;Adil;MAR;DIJ;A;4231;DC;1;81;1;0;1;0;0;0;0;0;0;0;0;2;0;0;0;0;0;0;1;0;37;47;0;1;0;6;0;1;55;0;0;0;0;0;0;0;0;0;0;0;0;0;0;0;0;0;0;0;0;0;1;0;0;0;0;0;0;0;0;3;3;0
Benzia;Yassine;LIL;AMN;H;442;ML;1;80;1;0;1;0;0;0;0;0;0;6;3;1;2;1;1;0;1;0;1;4;50;65;0;0;0;4;2;7;91;3;3;3;1;2;0;0;0;0;0;0;0;0;2;2;1;0;0;0;0;0;1;0;0;0;0;0;0;0;0;1;1;0
Lemar;Thomas;MON;REN;A;4411;ML;1;79;1;0;1;0;0;0;0;0;0;1;0;0;0;0;0;1;2;0;0;1;31;39;0;1;0;3;4;8;58;0;0;1;0;0;0;0;1;0;0;0;0;0;1;0;0;0;0;0;0;0;1;0;0;0;0;0;0;0;0;0;0;0
Bellugou;Francois;TRO;NIC;H;4141;DMC;1;78;1;0;1;0;0;0;0;0;0;0;0;2;0;0;2;0;0;0;0;0;33;37;0;0;0;5;0;0;40;0;0;0;0;0;0;0;0;0;0;0;0;0;0;0;0;0;0;0;0;0;1;0;0;0;0;0;0;0;0;0;0;0
Sanson;Morgan;MAR;DIJ;A;4231;AMC;1;77;1;0;1;1;0;0;0;0;0;1;1;0;4;0;0;0;7;3;5;1;16;21;0;1;0;4;3;12;53;3;0;1;0;1;0;0;5;0;0;0;0;0;0;0;2;0;0;0;0;0;1;0;0;0;0;0;0;0;0;0;0;0
Selimovic;Vahid;MET;STR;A;4231;DC;1;77;1;0;0;0;1;1;0;0;0;0;0;1;0;0;0;2;1;0;4;0;8;17;0;3;0;2;0;4;29;0;0;0;0;0;0;0;0;0;0;0;0;0;0;0;0;0;0;0;0;0;1;0;0;0;0;0;0;0;0;7;7;0
Braithwaite;Martin;BDX;GUI;A;433;FWL;1;77;1;0;1;0;0;0;0;0;0;0;0;0;1;0;1;0;0;0;0;0;10;12;0;1;1;2;0;1;21;1;0;0;0;0;0;0;2;0;0;0;0;0;0;0;0;0;0;0;0;0;2;0;0;0;0;0;0;0;0;1;1;0
Skhiri;Ellyes;MTP;CAE;A;3421;MC;1;76;1;0;1;1;0;0;1;0;0;1;1;3;0;0;1;0;1;0;1;1;29;34;0;1;0;5;1;4;48;1;1;0;1;0;1;0;0;0;0;0;0;0;0;0;0;0;0;0;0;0;0;0;0;0;0;0;0;0;0;3;3;0
Imbula;Giannelli;TOU;LYO;A;4141;MC;1;76;1;0;1;0;0;0;0;0;0;4;1;0;1;0;1;0;2;2;0;2;31;35;0;0;0;5;6;10;58;3;2;2;0;1;0;0;2;0;0;0;0;0;1;1;0;0;0;0;0;0;2;0;0;0;0;0;0;0;0;0;0;0
Debuchy;Mathieu;ETI;NTE;A;4231;DR;1;75;1;0;1;0;0;0;1;0;0;4;2;5;0;0;1;3;0;0;1;2;26;37;0;4;0;9;0;6;70;5;3;1;2;0;1;0;0;0;0;0;0;0;0;0;0;0;0;0;0;0;0;0;0;0;0;0;0;0;0;6;6;0
Rony Lopes;;MON;REN;A;4411;MR;1;75;1;0;1;0;0;0;1;0;0;2;1;0;6;2;2;0;0;0;1;2;6;12;2;0;1;1;1;3;33;2;1;1;1;0;1;0;2;0;0;0;0;0;0;0;0;1;0;0;0;0;1;0;0;0;0;0;0;0;0;0;0;0
Martin;Jonas;STR;MET;H;41212;MR;1;72;1;0;1;1;0;0;0;0;0;0;0;0;1;0;3;0;1;1;2;1;28;34;0;2;0;8;2;6;48;0;0;0;0;0;0;0;1;0;0;0;0;0;0;0;0;0;0;0;0;0;2;0;0;0;0;0;0;0;0;1;1;0
Said;Wesley ;DIJ;MAR;H;433;FWR;1;72;1;0;1;0;0;0;0;0;0;2;0;0;0;0;1;0;1;1;1;1;12;17;0;0;0;3;1;3;29;2;2;0;0;0;0;0;4;0;0;0;0;0;0;0;2;0;0;0;0;0;1;0;0;0;0;0;0;0;0;0;0;0
Monnet-Paquet;Kevin;ETI;NTE;A;4231;AML;1;71;1;0;1;0;0;0;0;0;0;3;2;0;0;0;2;0;1;1;0;0;20;28;0;4;0;5;1;6;37;3;2;1;2;0;0;0;1;0;0;0;0;0;0;0;0;0;0;0;0;0;0;0;0;0;0;0;0;0;0;0;0;0
Sio;Giovanni ;MTP;CAE;A;3421;FW;1;70;1;0;1;0;0;0;2;1;0;3;3;0;1;0;1;0;1;0;1;2;25;35;0;4;1;2;1;8;53;6;3;0;3;0;2;0;4;0;0;0;0;0;0;0;1;0;0;0;0;0;0;0;0;0;0;0;0;0;0;1;1;0
Jean;Corentin;TOU;LYO;A;4141;MR;1;69;1;0;1;0;0;0;0;0;0;0;0;0;3;0;0;0;1;1;1;2;12;16;0;0;0;4;0;3;25;0;0;0;0;0;0;0;1;0;0;0;0;0;0;0;1;0;0;0;0;0;2;0;0;0;0;0;0;0;0;0;0;0
El Ghanassy;Yassine;NTE;ETI;H;4231;AMR;1;68;1;0;1;0;0;0;0;0;0;2;0;0;1;0;2;0;3;2;2;3;18;24;0;2;0;3;4;12;44;2;1;1;0;0;0;0;2;0;0;0;0;0;0;0;1;0;0;0;0;0;3;0;0;0;0;0;0;0;0;0;0;0
Bammou;Yacine;NTE;ETI;H;4231;AML;1;68;1;0;1;1;0;0;0;0;0;4;0;0;1;0;0;0;0;0;3;1;17;22;0;0;0;4;1;2;35;4;3;1;0;0;0;0;2;0;0;0;0;0;0;0;4;0;0;0;0;0;3;0;0;0;0;0;0;0;0;0;0;0
Hamouma;Romain;ETI;NTE;A;4231;FW;1;67;1;0;1;0;0;0;0;0;0;0;0;0;4;1;0;0;1;1;0;2;12;15;0;0;0;2;1;4;30;1;0;0;0;0;0;0;1;0;0;0;0;0;1;1;1;2;1;0;0;0;0;0;0;0;0;0;0;0;0;0;0;0
Avelar;Danilo Fernando;AMN;LIL;A;4411;ML;1;67;1;0;1;0;0;0;0;0;0;3;0;1;1;0;1;0;4;4;2;1;22;27;0;3;0;8;0;8;49;2;2;1;0;0;0;0;4;0;0;0;0;0;0;0;2;0;0;0;0;0;0;0;0;0;0;0;0;0;0;1;1;0
Mollet;Florent;MET;STR;A;4231;AMC;1;67;1;0;1;0;0;0;1;0;0;2;1;0;5;3;3;0;0;0;0;2;27;29;0;0;0;1;1;3;42;1;1;1;1;0;1;0;0;0;0;0;0;0;1;1;0;3;2;1;0;0;1;0;0;0;0;0;0;0;0;0;0;0
Blayac;Jeremy;STR;MET;H;41212;FW;1;65;1;0;1;0;0;0;0;0;0;2;1;0;0;0;1;0;0;0;0;2;14;23;0;4;0;2;0;6;37;4;2;0;1;0;0;0;3;0;0;0;0;0;0;0;2;0;0;0;0;0;2;0;0;0;0;0;0;0;0;0;0;0
Ndour;Abdallah;STR;MET;H;41212;DL;1;64;1;0;0;1;0;1;0;0;0;0;0;1;3;1;0;1;2;1;2;0;12;18;1;0;0;5;0;2;33;0;0;0;0;0;0;0;0;0;0;0;0;0;0;0;0;0;0;0;0;0;2;0;0;0;0;0;0;0;0;0;0;0
Sammaritano;Frederic;DIJ;MAR;H;433;FWL;1;64;1;0;1;1;0;0;0;0;0;0;0;0;1;0;0;0;0;0;2;0;13;14;0;1;0;2;0;1;19;1;0;0;0;0;0;0;0;0;0;0;0;0;0;0;1;0;0;0;0;0;1;0;0;0;0;0;0;0;0;0;0;0
Alonso;Junior;LIL;AMN;H;442;DC;1;62;1;0;1;0;0;0;0;0;0;0;0;1;0;0;0;0;1;0;0;0;31;40;0;1;0;10;0;2;42;0;0;0;0;0;0;0;0;0;0;0;0;0;0;0;0;0;0;0;0;0;1;0;0;0;0;0;0;0;0;0;0;0
Diallo;Moustapha;GUI;BDX;H;4231;DMC;1;62;1;0;1;0;0;0;1;0;0;2;2;0;1;0;1;0;5;4;1;0;28;32;0;1;0;4;0;6;48;3;1;1;1;1;0;1;1;0;0;0;0;0;0;0;0;0;0;0;0;0;0;0;0;0;0;0;0;0;0;0;0;0
Lea Siliki;James Edward;REN;MON;H;4141;MC;1;61;1;0;1;0;0;0;0;0;0;2;1;0;1;1;1;0;1;0;1;1;17;21;1;1;1;1;2;5;35;0;0;2;0;1;0;0;1;0;0;0;0;0;0;0;0;0;0;0;0;0;1;0;0;0;0;0;0;0;0;0;0;0
Sambia;Junior;MTP;CAE;A;3421;AMC;1;61;1;0;1;1;0;0;0;1;1;0;0;0;4;2;3;0;1;1;3;1;22;27;0;0;2;4;0;2;44;1;0;0;0;0;0;0;3;0;0;0;0;0;2;2;0;2;1;0;0;0;0;0;0;0;0;0;0;0;0;1;1;0
Balliu;Ivan;MET;STR;A;4231;DR;1;60;1;0;1;0;0;0;0;0;0;0;0;1;1;0;0;0;0;0;0;1;16;23;0;0;0;1;0;1;43;0;0;0;0;0;0;0;0;0;0;0;0;0;0;0;0;0;0;0;0;0;1;0;0;0;0;0;0;0;0;0;0;0
Genevois;Romain;CAE;MTP;H;433;DC;1;60;1;0;1;0;0;0;0;0;0;0;0;1;0;0;0;1;0;0;0;3;26;30;0;0;0;1;0;3;36;0;0;0;0;0;0;0;0;0;0;0;0;0;0;0;0;0;0;0;0;0;3;0;0;0;0;0;0;0;0;1;1;0
Otavio;;BDX;GUI;A;433;MC;1;59;1;0;1;1;0;0;0;0;0;0;0;0;1;1;1;0;1;1;1;0;28;32;1;1;0;4;0;2;41;0;0;0;0;0;0;0;1;0;0;0;0;0;0;0;0;0;0;0;0;0;1;0;0;0;0;0;0;0;0;3;3;0
De Preville;Nicolas;BDX;GUI;A;433;FW;1;58;1;0;1;0;0;0;0;0;0;0;0;0;0;0;1;1;0;0;0;0;9;11;0;0;0;0;1;1;20;2;0;0;0;0;0;0;2;0;0;0;0;0;0;0;0;0;0;0;0;0;1;0;0;0;0;0;0;0;0;1;1;0
Grandsir;Samuel;TRO;NIC;H;4141;MR;1;57;1;0;1;0;0;0;0;0;0;0;0;0;3;1;1;0;2;1;2;1;13;18;1;0;0;4;1;4;33;3;0;0;0;0;0;0;2;0;0;0;0;0;0;0;1;0;0;0;0;0;1;0;0;0;0;0;0;0;0;0;0;0
Mandanda;Steve;MAR;DIJ;A;4231;GK;1;53;1;0;1;0;0;0;0;0;0;0;0;0;0;0;0;0;0;0;0;0;12;20;0;0;0;5;0;0;25;0;0;0;0;0;0;0;0;0;0;0;0;0;0;0;0;0;0;0;0;0;0;0;1;1;0;0;0;0;0;1;1;0
Jovetic;Stevan;MON;REN;A;4411;AMC;1;49;1;0;1;0;0;0;0;0;0;2;1;0;0;0;0;0;0;0;1;1;16;20;0;0;0;0;0;1;26;1;1;1;0;1;0;0;0;0;0;0;0;0;0;0;0;0;0;0;0;0;1;0;0;0;0;0;0;0;0;1;1;0
Bazile;Herve;CAE;MTP;H;433;FWL;1;45;1;0;1;1;0;0;0;0;0;0;0;3;5;1;0;0;3;2;1;0;7;9;1;1;0;1;0;4;26;0;0;0;0;0;0;0;3;0;0;0;0;0;0;0;0;0;0;0;0;0;2;0;0;0;0;0;0;0;0;0;0;0
Moutoussamy;Samuel;NTE;ETI;H;4231;DMC;1;45;1;0;1;0;0;0;0;0;0;1;0;0;1;1;2;0;4;3;0;0;11;13;1;0;0;1;1;5;25;1;0;1;0;0;0;0;0;0;0;0;0;0;0;0;0;0;0;0;0;0;1;0;0;0;0;0;0;0;0;0;0;0
Nivet;Benjamin;TRO;NIC;H;4141;MC;1;39;1;0;1;0;0;0;0;0;0;0;0;1;0;0;0;0;1;0;1;0;13;17;0;0;0;0;1;2;26;3;0;0;0;0;0;0;2;0;0;0;0;0;0;0;0;0;0;0;0;0;1;0;0;0;0;0;0;0;0;0;0;0
Cornet;Maxwel;LYO;TOU;H;433;FWL;1;36;1;0;1;0;0;0;0;0;0;0;0;0;2;0;3;0;1;0;0;0;14;19;0;1;0;0;0;2;24;3;0;0;0;0;0;0;1;0;0;0;0;0;0;0;2;0;0;0;0;0;0;0;0;0;0;0;0;0;0;0;0;0
Balmont;Florent;DIJ;MAR;H;433;MC;1;33;1;0;1;0;0;0;0;0;0;0;0;0;0;0;0;0;0;0;0;1;9;13;0;0;0;0;0;1;16;0;0;0;0;0;0;0;0;0;0;0;0;0;0;0;0;0;0;0;0;0;0;0;0;0;0;0;0;0;0;0;0;0
Salibur;Yannis;GUI;BDX;H;4231;AMR;1;28;1;0;1;0;0;0;0;0;0;2;1;0;1;0;0;0;0;0;0;0;3;5;0;0;0;1;1;1;14;0;0;2;0;1;0;0;0;0;0;0;0;0;0;0;1;0;0;0;0;0;0;0;0;0;0;0;0;0;0;0;0;0
Jullien;Christopher;TOU;LYO;A;4141;DC;1;26;1;0;1;0;0;0;0;0;0;0;0;0;0;0;0;0;0;0;0;0;5;11;0;0;0;1;0;0;13;0;0;0;0;0;0;0;0;0;0;0;0;0;0;0;0;0;0;0;0;0;1;0;0;0;0;0;0;0;0;1;1;0
Amadou;Ibrahim;LIL;AMN;H;442;MC;1;14;1;0;1;0;0;0;0;0;0;0;0;1;0;0;0;0;1;0;0;0;6;9;0;0;0;2;0;1;12;0;0;0;0;0;0;0;0;0;0;0;0;0;0;0;0;0;0;0;0;0;0;0;0;0;0;0;0;0;0;0;0;0
Dabila;Kouadio-Yves;LIL;AMN;H;442;SUB;1;76;0;1;0;0;0;0;0;0;0;0;0;2;0;0;0;0;3;0;1;0;38;44;0;3;0;6;1;7;56;0;0;0;0;0;0;0;2;0;0;0;0;0;0;0;0;0;0;0;0;0;1;0;0;0;0;0;0;0;0;1;1;0
Fortes;Steven;TOU;LYO;A;4141;SUB;1;64;0;1;0;0;0;0;0;0;0;0;0;2;0;0;0;0;2;1;1;0;30;31;0;0;0;4;0;2;41;0;0;0;0;0;0;0;0;0;0;0;0;0;0;0;0;0;0;0;0;0;1;0;0;0;0;0;0;0;0;4;4;0
N'Gbakoto;Yeni;GUI;BDX;H;4231;SUB;1;62;0;1;0;0;0;0;0;0;0;2;0;0;4;0;0;0;3;2;1;0;12;17;0;2;0;2;1;6;39;3;0;2;0;0;0;0;1;0;0;0;0;0;1;0;1;0;0;1;0;0;1;0;0;0;0;0;0;0;0;1;1;0
Marie;Jordan;DIJ;MAR;H;433;SUB;1;57;0;1;0;0;0;0;0;0;0;0;0;0;0;0;1;0;2;1;0;0;17;22;0;0;0;6;1;3;26;0;0;0;0;0;0;0;0;0;0;0;0;0;0;0;0;0;0;0;0;0;3;0;0;0;0;0;0;0;0;0;0;0
Maolida;Myziane;LYO;TOU;H;433;SUB;1;54;0;1;0;0;0;0;0;0;0;2;1;0;0;0;3;0;0;0;2;1;21;23;0;1;1;1;4;6;37;4;1;1;1;0;0;0;1;0;0;0;0;0;0;0;0;0;0;0;0;0;0;0;0;0;0;0;0;0;0;0;0;0
Khaoui;Saif-Eddine;TRO;NIC;H;4141;SUB;1;51;0;1;0;0;0;0;0;0;0;1;1;0;5;0;0;0;2;2;3;0;13;20;0;1;0;4;0;3;35;1;0;1;0;1;0;0;1;0;0;0;0;0;5;5;1;0;0;0;0;0;1;0;0;0;0;0;0;0;0;1;1;0
Thomasson;Adrien;NTE;ETI;H;4231;SUB;1;45;0;1;0;1;0;0;0;0;0;1;1;0;1;0;0;1;0;0;1;1;27;36;0;0;0;7;1;2;45;1;1;0;1;0;0;0;1;0;0;0;0;0;0;0;0;0;0;0;0;0;2;0;0;0;0;0;0;0;0;0;0;0
Stavitski;Timo;CAE;MTP;H;433;SUB;1;45;0;1;0;0;0;0;0;0;0;0;0;0;3;1;0;0;0;0;1;0;12;15;1;1;0;3;2;3;25;0;0;0;0;0;0;0;2;0;0;0;0;0;0;0;0;0;0;0;0;0;1;0;0;0;0;0;0;0;0;0;0;0
Diakhaby;Adama;MON;REN;A;4411;SUB;1;41;0;1;0;0;0;0;0;0;0;0;0;2;1;0;0;0;2;2;1;1;3;6;0;0;0;1;0;3;23;1;0;0;0;0;0;0;1;0;0;0;0;0;0;0;1;0;0;0;0;0;0;0;0;0;0;0;0;0;0;2;2;0
Pele;Yohann;MAR;DIJ;A;4231;SUB;1;37;0;1;0;0;0;0;0;0;0;0;0;0;0;0;0;0;0;0;0;0;9;13;0;0;0;3;0;0;15;0;0;0;0;0;0;0;0;0;0;0;0;0;0;0;0;0;0;0;0;0;1;0;0;0;0;0;0;0;0;0;0;0
Pele;Bryan;TRO;NIC;H;4141;SUB;1;33;0;1;0;0;0;0;0;0;0;1;1;0;3;0;0;0;0;0;2;0;7;11;0;0;0;0;0;0;17;1;1;0;1;0;0;0;0;0;0;0;0;0;1;1;0;0;0;0;0;0;1;0;0;0;0;0;0;0;0;0;0;0
Sankhare;Younousse;BDX;GUI;A;433;SUB;1;32;0;1;0;0;0;0;0;0;0;3;1;0;0;0;0;0;1;1;1;0;5;6;0;3;0;2;0;4;12;3;3;0;1;0;0;0;0;0;0;0;0;0;0;0;1;0;0;0;0;0;1;0;0;0;0;0;0;0;0;1;1;0
Laborde;Gaetan;BDX;GUI;A;433;SUB;1;31;0;1;0;0;0;0;0;0;0;2;1;0;1;0;0;0;0;0;1;1;3;6;0;1;0;0;0;2;14;5;2;0;1;0;0;0;1;0;0;0;0;0;0;0;2;0;0;0;0;0;1;0;0;0;0;0;0;0;0;1;1;0
Diomande;Ismael Tiemoko;CAE;MTP;H;433;SUB;1;30;0;1;0;0;0;0;0;0;0;0;0;0;0;0;0;0;0;0;0;0;14;16;0;0;0;4;0;0;20;0;0;0;0;0;0;0;0;0;0;0;0;0;0;0;0;0;0;0;0;0;0;0;0;0;0;0;0;0;0;0;0;0
Diagne;Fallou;MET;STR;A;4231;SUB;1;30;0;1;0;0;0;0;0;0;0;0;0;3;0;0;0;1;0;0;3;0;2;4;0;2;0;0;0;2;8;0;0;0;0;0;0;0;0;0;0;0;0;0;0;0;0;0;0;0;0;0;1;0;0;0;0;0;0;0;0;0;0;0
Mbenza;Isaac;MTP;CAE;A;3421;SUB;1;29;0;1;0;0;0;0;0;0;0;1;0;0;2;2;1;0;0;0;0;0;11;12;1;0;0;0;0;0;23;3;1;0;0;0;0;0;3;0;0;0;0;0;1;1;0;0;0;0;0;0;1;0;0;0;0;0;0;0;0;0;0;0
Sakho;Diafra;REN;MON;H;4141;SUB;1;29;0;1;0;0;0;0;0;0;0;1;0;0;0;0;2;0;0;0;0;1;9;10;0;0;0;0;0;1;13;4;1;0;0;0;0;0;0;0;0;0;0;0;0;0;1;0;0;0;0;0;0;0;0;0;0;0;0;0;0;0;0;0
Blas;Ludovic;GUI;BDX;H;4231;SUB;1;28;0;1;0;0;0;0;0;0;0;1;0;0;0;0;0;0;0;0;1;0;7;8;0;0;0;4;1;1;14;0;0;1;0;0;0;0;1;0;0;0;0;0;0;0;0;0;0;0;0;0;1;0;0;0;0;0;0;0;0;1;1;0
Araujo;Luiz;LIL;AMN;H;442;SUB;1;28;0;1;0;0;0;0;0;0;0;0;0;1;1;0;1;0;0;0;0;2;23;32;0;0;0;2;3;5;41;1;0;0;0;0;0;0;0;0;0;0;0;0;0;0;0;0;0;0;0;0;0;0;0;0;0;0;0;0;0;0;0;0
Sliti;Naim;DIJ;MAR;H;433;SUB;1;26;0;1;0;0;0;0;0;0;0;2;0;0;1;0;0;0;3;1;0;1;4;6;0;0;0;0;1;5;16;0;0;2;0;0;0;0;0;0;0;0;0;0;0;0;0;0;0;1;0;0;2;0;0;0;0;0;0;0;0;0;0;0
Goncalves;Anthony;STR;MET;H;41212;SUB;1;25;0;1;0;0;0;0;0;0;0;1;0;0;2;1;0;0;0;0;0;1;8;9;1;0;0;2;0;1;17;0;0;1;0;0;0;0;0;0;0;0;0;0;0;0;0;0;0;1;0;0;0;0;0;0;0;0;0;0;0;1;1;0
Mandjeck;Georges;MET;STR;A;4231;SUB;1;23;0;1;0;0;0;0;0;0;0;0;0;2;0;0;0;0;0;0;1;0;5;6;0;3;0;2;0;3;12;0;0;0;0;0;0;0;0;0;0;0;0;0;0;0;0;0;0;0;0;0;1;0;0;0;0;0;0;0;0;4;4;0
Ntep;Paul-Georges;ETI;NTE;A;4231;SUB;1;23;0;1;0;0;0;0;0;0;0;0;0;1;0;0;2;0;0;0;0;0;8;10;0;0;0;3;1;1;14;0;0;0;0;0;0;0;0;0;0;0;0;0;0;0;0;0;0;0;0;0;0;0;0;0;0;0;0;0;0;0;0;0
Gakpe;Serge;AMN;LIL;A;4411;SUB;1;23;0;1;0;0;0;0;0;0;0;0;0;0;0;0;0;0;1;0;0;0;8;10;0;0;0;2;0;1;14;0;0;0;0;0;0;0;0;0;0;0;0;0;0;0;0;0;0;0;0;0;0;0;0;0;0;0;0;0;0;0;0;0
Iloki;Jules;NTE;ETI;H;4231;SUB;1;22;0;1;0;0;0;0;0;0;0;0;0;0;1;1;1;0;0;0;0;0;6;7;1;0;0;0;0;0;9;0;0;0;0;0;0;0;0;0;0;0;0;0;0;0;0;0;0;0;0;0;0;0;0;0;0;0;0;0;0;0;0;0
Nakoulma;Prejuce Niguimbe;NTE;ETI;H;4231;SUB;1;22;0;1;0;0;0;0;0;0;0;1;0;1;0;0;1;0;1;1;0;0;10;14;0;0;0;1;0;1;22;1;1;0;0;0;0;0;1;0;0;0;0;0;0;0;0;0;0;0;0;0;0;0;0;0;0;0;0;0;0;0;0;0
Mubele;Firmin;TOU;LYO;A;4141;SUB;1;21;0;1;0;0;0;0;0;0;0;0;0;0;2;0;0;0;0;0;0;0;5;9;0;0;0;2;1;1;18;1;0;0;0;0;0;0;0;0;0;0;0;0;0;0;0;0;0;0;0;0;0;0;0;0;0;0;0;0;0;0;0;0
Ninga;Casimir;MTP;CAE;A;3421;SUB;1;20;0;1;0;0;0;0;0;0;0;0;0;0;0;0;0;0;0;0;0;3;3;3;0;0;0;0;0;3;10;0;0;0;0;0;0;0;1;0;0;0;0;0;0;0;0;0;0;0;0;0;1;0;0;0;0;0;0;0;0;0;0;0
Diousse;Assane;ETI;NTE;A;4231;SUB;1;19;0;1;0;0;0;0;0;0;0;0;0;0;0;0;0;0;0;0;0;0;11;14;0;0;0;1;1;1;19;1;0;0;0;0;0;0;0;0;0;0;0;0;0;0;0;0;0;0;0;0;0;0;0;0;0;0;0;0;0;1;1;0
Kwon;Chang-hoon;DIJ;MAR;H;433;SUB;1;18;0;1;0;0;0;0;1;0;0;1;1;0;0;0;1;0;1;1;0;0;5;6;0;0;0;0;1;2;12;1;1;0;1;0;1;0;1;0;0;0;0;0;0;0;0;0;0;0;0;0;2;0;0;0;0;0;0;0;0;1;1;0
Terrier;Martin;STR;MET;H;41212;SUB;1;18;0;1;0;0;0;0;0;0;0;2;2;0;0;0;1;0;0;0;0;0;0;1;0;1;0;0;0;1;6;3;2;0;2;0;0;0;0;0;0;0;0;0;0;0;0;0;0;0;0;0;0;0;0;0;0;0;0;0;0;1;1;0
Pierre-Gabriel;Ronael;ETI;NTE;A;4231;SUB;1;15;0;1;0;0;0;0;0;0;0;0;0;0;0;0;0;0;1;1;0;0;10;12;0;0;0;2;1;2;20;1;0;0;0;0;0;0;0;0;0;0;0;0;0;0;0;0;0;0;0;0;0;0;0;0;0;0;0;0;0;2;2;0
Ghezzal;Rachid;MON;REN;A;4411;SUB;1;15;0;1;0;0;0;0;0;0;0;0;0;0;1;0;0;0;0;0;1;1;5;6;0;0;0;1;0;1;11;0;0;0;0;0;0;0;1;0;0;0;0;0;0;0;0;1;0;0;0;0;0;0;0;0;0;0;0;0;0;0;0;0
Toivonen;Ola;TOU;LYO;A;4141;SUB;1;14;0;1;0;0;0;0;0;0;0;0;0;0;0;0;0;0;0;0;0;0;5;6;0;0;0;0;0;0;7;0;0;0;0;0;0;0;0;0;0;0;0;0;0;0;0;0;0;0;0;0;0;0;0;0;0;0;0;0;0;0;0;0
Piriz;Facundo;MTP;CAE;A;3421;SUB;1;14;0;1;0;0;0;0;0;0;0;0;0;0;0;0;0;0;1;0;0;1;20;24;0;0;0;2;0;2;26;0;0;0;0;0;0;0;0;0;0;0;0;0;0;0;0;0;0;0;0;0;1;0;0;0;0;0;0;0;0;0;0;0
N'jie;Clinton;MAR;DIJ;A;4231;SUB;1;13;0;1;0;0;0;0;0;0;0;0;0;0;0;0;0;0;0;0;0;0;4;4;0;0;0;1;0;0;10;1;0;0;0;0;0;0;2;0;0;0;0;0;0;0;0;0;0;0;0;0;0;0;0;0;0;0;0;0;0;0;0;0
Kamano;Francois;BDX;GUI;A;433;SUB;1;13;0;1;0;0;0;0;0;0;0;0;0;0;0;0;0;0;0;0;2;0;4;6;0;0;0;0;0;0;8;1;0;0;0;0;0;0;0;0;0;0;0;0;0;0;0;0;0;0;0;0;0;0;0;0;0;0;0;0;0;0;0;0
Suk;Hyun-Jun;TRO;NIC;H;4141;SUB;1;12;0;1;0;0;0;0;0;0;0;0;0;0;0;0;0;0;2;2;1;1;0;1;0;0;0;0;0;3;4;0;0;0;0;0;0;0;0;0;0;0;0;0;0;0;0;0;0;0;0;0;1;0;0;0;0;0;0;0;0;0;0;0
Boschilia;Gabriel;MON;REN;A;4411;SUB;1;11;0;1;0;0;0;0;0;0;0;0;0;0;0;0;0;0;0;0;0;0;1;1;0;0;0;0;0;0;2;0;0;0;0;0;0;0;1;0;0;0;0;0;0;0;0;0;0;0;0;0;0;0;0;0;0;0;0;0;0;0;0;0
Bahlouli;Fares;LIL;AMN;H;442;SUB;1;10;0;1;0;0;0;0;0;0;0;0;0;0;2;1;1;0;0;0;0;0;10;13;0;0;0;1;0;0;16;0;0;0;0;0;0;0;1;0;0;0;0;0;1;1;0;0;0;0;0;0;0;0;0;0;0;0;0;0;0;0;0;0
Sertic;Gregory;MAR;DIJ;A;4231;SUB;1;9;0;1;0;0;0;0;0;0;0;0;0;0;0;0;0;0;0;0;0;0;6;7;0;0;0;1;0;0;8;0;0;0;0;0;0;0;0;0;0;0;0;0;0;0;0;0;0;0;0;0;0;0;0;0;0;0;0;0;0;1;1;0
Hunou;Adrien;REN;MON;H;4141;SUB;1;9;0;1;0;0;0;0;0;0;0;1;0;0;0;0;0;0;0;0;2;1;1;3;0;0;0;0;0;1;7;1;1;0;0;0;0;0;1;0;0;0;0;0;0;0;0;0;0;0;0;0;0;0;0;0;0;0;0;0;0;0;0;0
Srarfi;Bassem;NIC;TRO;A;433;SUB;1;8;0;1;0;0;0;0;0;0;0;0;0;0;0;0;0;0;0;0;0;0;11;11;0;0;0;0;3;3;15;3;0;0;0;0;0;0;0;0;0;0;0;0;0;0;0;0;0;0;0;0;0;0;0;0;0;0;0;0;0;1;1;0
Manzala;Harisson;AMN;LIL;A;4411;SUB;1;8;0;1;0;0;0;0;0;0;0;0;0;1;0;0;0;0;0;0;0;0;8;10;0;0;0;3;0;0;12;0;0;0;0;0;0;0;0;0;0;0;0;0;0;0;0;0;0;0;0;0;0;0;0;0;0;0;0;0;0;0;0;0
Ferri;Jordan;LYO;TOU;H;433;SUB;1;8;0;1;0;0;0;0;0;0;0;0;0;0;0;0;0;0;0;0;0;0;6;8;0;0;0;0;0;0;8;0;0;0;0;0;0;0;0;0;0;0;0;0;0;0;0;0;0;0;0;0;0;0;0;0;0;0;0;0;0;0;0;0
Tameze;Adrien;NIC;TRO;A;433;SUB;1;6;0;1;0;0;0;0;0;0;0;0;0;0;0;0;0;0;0;0;0;1;12;14;0;0;0;2;1;2;18;1;0;0;0;0;0;0;2;0;0;0;0;0;0;0;0;0;0;0;0;0;0;0;0;0;0;0;0;0;0;0;0;0
Sarr;Malang;NIC;TRO;A;433;SUB;1;6;0;1;0;0;0;0;0;0;0;0;0;0;0;0;1;0;1;0;1;1;9;9;0;0;0;3;0;2;13;0;0;0;0;0;0;0;1;0;0;0;0;0;0;0;0;0;0;0;0;0;0;0;0;0;0;0;0;0;0;0;0;0
Deminguet;Jessy;CAE;MTP;H;433;SUB;1;6;0;1;0;0;0;0;0;0;0;0;0;0;0;0;0;0;0;0;0;0;2;4;0;0;0;0;0;0;5;0;0;0;0;0;0;0;1;0;0;0;0;0;0;0;0;0;0;0;0;0;0;0;0;0;0;0;0;0;0;0;0;0
Fofana;Guessouma;AMN;LIL;A;4411;SUB;1;5;0;1;0;0;0;0;0;0;0;0;0;0;1;0;0;0;0;0;0;0;0;1;0;0;0;1;1;1;3;0;0;0;0;0;0;0;0;0;0;0;0;0;0;0;0;0;0;0;0;0;0;0;0;0;0;0;0;0;0;0;0;0
Gouiri;Amine;LYO;TOU;H;433;SUB;1;2;0;1;0;0;0;0;0;0;0;1;1;0;0;0;0;0;0;0;0;0;1;1;0;0;0;0;0;0;3;1;1;0;1;0;0;0;1;0;0;0;0;0;0;0;0;0;0;0;0;0;0;0;0;0;0;0;0;0;0;0;0;0
Eboa Eboa;Felix;GUI;BDX;H;4231;SUB;1;1;0;1;0;0;0;0;0;0;0;0;0;0;0;0;0;0;0;0;1;0;1;1;0;0;0;0;0;0;1;0;0;0;0;0;0;0;0;0;0;0;0;0;0;0;0;0;0;0;0;0;0;0;0;0;0;0;0;0;0;0;0;0
Niane;Ibrahima;MET;STR;A;4231;SUB;1;1;0;1;0;0;0;0;0;0;0;1;1;0;0;0;0;0;0;0;0;0;1;3;0;1;0;0;0;1;4;1;1;0;1;0;0;0;0;0;0;0;0;0;0;0;0;0;0;0;0;0;0;0;0;0;0;0;0;0;0;0;0;0
Faraj;Imad;LIL;AMN;H;442;SUB;0;0;0;0;0;0;0;0;0;0;0;0;0;0;0;0;0;0;0;0;0;0;0;0;0;0;0;0;0;0;0;0;0;0;0;0;0;0;0;0;0;0;0;0;0;0;0;0;0;0;0;0;0;0;0;0;0;0;0;0;0;0;0;0
Repas;Jan;CAE;MTP;H;433;SUB;0;0;0;0;0;0;0;0;0;0;0;0;0;0;0;0;0;0;0;0;0;0;0;0;0;0;0;0;0;0;0;0;0;0;0;0;0;0;0;0;0;0;0;0;0;0;0;0;0;0;0;0;0;0;0;0;0;0;0;0;0;0;0;0
Thuram;Marcus;GUI;BDX;H;4231;SUB;0;0;0;0;0;0;0;0;0;0;0;0;0;0;0;0;0;0;0;0;0;0;0;0;0;0;0;0;0;0;0;0;0;0;0;0;0;0;0;0;0;0;0;0;0;0;0;0;0;0;0;0;0;0;0;0;0;0;0;0;0;0;0;0
Cozza;Nicolas;MTP;CAE;A;3421;SUB;0;0;0;0;0;0;0;0;0;0;0;0;0;0;0;0;0;0;0;0;0;0;0;0;0;0;0;0;0;0;0;0;0;0;0;0;0;0;0;0;0;0;0;0;0;0;0;0;0;0;0;0;0;0;0;0;0;0;0;0;0;0;0;0
Poussin;Gaetan;BDX;GUI;A;433;SUB;0;0;0;0;0;0;0;0;0;0;0;0;0;0;0;0;0;0;0;0;0;0;0;0;0;0;0;0;0;0;0;0;0;0;0;0;0;0;0;0;0;0;0;0;0;0;0;0;0;0;0;0;0;0;0;0;0;0;0;0;0;0;0;0
Koffi;Herve;LIL;AMN;H;442;SUB;0;0;0;0;0;0;0;0;0;0;0;0;0;0;0;0;0;0;0;0;0;0;0;0;0;0;0;0;0;0;0;0;0;0;0;0;0;0;0;0;0;0;0;0;0;0;0;0;0;0;0;0;0;0;0;0;0;0;0;0;0;0;0;0
Saadi;Idriss;STR;MET;H;41212;SUB;0;0;0;0;0;0;0;0;0;0;0;0;0;0;0;0;0;0;0;0;0;0;0;0;0;0;0;0;0;0;0;0;0;0;0;0;0;0;0;0;0;0;0;0;0;0;0;0;0;0;0;0;0;0;0;0;0;0;0;0;0;0;0;0
Grimm;Jeremy;STR;MET;H;41212;SUB;0;0;0;0;0;0;0;0;0;0;0;0;0;0;0;0;0;0;0;0;0;0;0;0;0;0;0;0;0;0;0;0;0;0;0;0;0;0;0;0;0;0;0;0;0;0;0;0;0;0;0;0;0;0;0;0;0;0;0;0;0;0;0;0
Salmier;Yoann;STR;MET;H;41212;SUB;0;0;0;0;0;0;0;0;0;0;0;0;0;0;0;0;0;0;0;0;0;0;0;0;0;0;0;0;0;0;0;0;0;0;0;0;0;0;0;0;0;0;0;0;0;0;0;0;0;0;0;0;0;0;0;0;0;0;0;0;0;0;0;0
Cordoval;Jeremy;TRO;NIC;H;4141;SUB;0;0;0;0;0;0;0;0;0;0;0;0;0;0;0;0;0;0;0;0;0;0;0;0;0;0;0;0;0;0;0;0;0;0;0;0;0;0;0;0;0;0;0;0;0;0;0;0;0;0;0;0;0;0;0;0;0;0;0;0;0;0;0;0
Giraudon;Jimmy;TRO;NIC;H;4141;SUB;0;0;0;0;0;0;0;0;0;0;0;0;0;0;0;0;0;0;0;0;0;0;0;0;0;0;0;0;0;0;0;0;0;0;0;0;0;0;0;0;0;0;0;0;0;0;0;0;0;0;0;0;0;0;0;0;0;0;0;0;0;0;0;0
Bouet;Jean-Christophe;AMN;LIL;A;4411;SUB;0;0;0;0;0;0;0;0;0;0;0;0;0;0;0;0;0;0;0;0;0;0;0;0;0;0;0;0;0;0;0;0;0;0;0;0;0;0;0;0;0;0;0;0;0;0;0;0;0;0;0;0;0;0;0;0;0;0;0;0;0;0;0;0
Kamara;Bingourou;STR;MET;H;41212;SUB;0;0;0;0;0;0;0;0;0;0;0;0;0;0;0;0;0;0;0;0;0;0;0;0;0;0;0;0;0;0;0;0;0;0;0;0;0;0;0;0;0;0;0;0;0;0;0;0;0;0;0;0;0;0;0;0;0;0;0;0;0;0;0;0
Girotto;Andrei;NTE;ETI;H;4231;SUB;0;0;0;0;0;0;0;0;0;0;0;0;0;0;0;0;0;0;0;0;0;0;0;0;0;0;0;0;0;0;0;0;0;0;0;0;0;0;0;0;0;0;0;0;0;0;0;0;0;0;0;0;0;0;0;0;0;0;0;0;0;0;0;0
Ielsch;Julien;AMN;LIL;A;4411;SUB;0;0;0;0;0;0;0;0;0;0;0;0;0;0;0;0;0;0;0;0;0;0;0;0;0;0;0;0;0;0;0;0;0;0;0;0;0;0;0;0;0;0;0;0;0;0;0;0;0;0;0;0;0;0;0;0;0;0;0;0;0;0;0;0
El Hajjam;Oualid;AMN;LIL;A;4411;SUB;0;0;0;0;0;0;0;0;0;0;0;0;0;0;0;0;0;0;0;0;0;0;0;0;0;0;0;0;0;0;0;0;0;0;0;0;0;0;0;0;0;0;0;0;0;0;0;0;0;0;0;0;0;0;0;0;0;0;0;0;0;0;0;0
Avounou;Durel;CAE;MTP;H;433;SUB;0;0;0;0;0;0;0;0;0;0;0;0;0;0;0;0;0;0;0;0;0;0;0;0;0;0;0;0;0;0;0;0;0;0;0;0;0;0;0;0;0;0;0;0;0;0;0;0;0;0;0;0;0;0;0;0;0;0;0;0;0;0;0;0
Maziz;Youssef;MET;STR;A;4231;SUB;0;0;0;0;0;0;0;0;0;0;0;0;0;0;0;0;0;0;0;0;0;0;0;0;0;0;0;0;0;0;0;0;0;0;0;0;0;0;0;0;0;0;0;0;0;0;0;0;0;0;0;0;0;0;0;0;0;0;0;0;0;0;0;0
Dolly;Keagan;MTP;CAE;A;3421;SUB;0;0;0;0;0;0;0;0;0;0;0;0;0;0;0;0;0;0;0;0;0;0;0;0;0;0;0;0;0;0;0;0;0;0;0;0;0;0;0;0;0;0;0;0;0;0;0;0;0;0;0;0;0;0;0;0;0;0;0;0;0;0;0;0
Jorge;;MON;REN;A;4411;SUB;0;0;0;0;0;0;0;0;0;0;0;0;0;0;0;0;0;0;0;0;0;0;0;0;0;0;0;0;0;0;0;0;0;0;0;0;0;0;0;0;0;0;0;0;0;0;0;0;0;0;0;0;0;0;0;0;0;0;0;0;0;0;0;0
Samba;Brice;CAE;MTP;H;433;SUB;0;0;0;0;0;0;0;0;0;0;0;0;0;0;0;0;0;0;0;0;0;0;0;0;0;0;0;0;0;0;0;0;0;0;0;0;0;0;0;0;0;0;0;0;0;0;0;0;0;0;0;0;0;0;0;0;0;0;0;0;0;0;0;0
Boulaya;Farid;MET;STR;A;4231;SUB;0;0;0;0;0;0;0;0;0;0;0;0;0;0;0;0;0;0;0;0;0;0;0;0;0;0;0;0;0;0;0;0;0;0;0;0;0;0;0;0;0;0;0;0;0;0;0;0;0;0;0;0;0;0;0;0;0;0;0;0;0;0;0;0
Lewczuk;Igor;BDX;GUI;A;433;SUB;0;0;0;0;0;0;0;0;0;0;0;0;0;0;0;0;0;0;0;0;0;0;0;0;0;0;0;0;0;0;0;0;0;0;0;0;0;0;0;0;0;0;0;0;0;0;0;0;0;0;0;0;0;0;0;0;0;0;0;0;0;0;0;0
Somalia;;TOU;LYO;A;4141;SUB;0;0;0;0;0;0;0;0;0;0;0;0;0;0;0;0;0;0;0;0;0;0;0;0;0;0;0;0;0;0;0;0;0;0;0;0;0;0;0;0;0;0;0;0;0;0;0;0;0;0;0;0;0;0;0;0;0;0;0;0;0;0;0;0
Lusamba;Arnaud;NIC;TRO;A;433;SUB;0;0;0;0;0;0;0;0;0;0;0;0;0;0;0;0;0;0;0;0;0;0;0;0;0;0;0;0;0;0;0;0;0;0;0;0;0;0;0;0;0;0;0;0;0;0;0;0;0;0;0;0;0;0;0;0;0;0;0;0;0;0;0;0
Kouakou;Christian;CAE;MTP;H;433;SUB;0;0;0;0;0;0;0;0;0;0;0;0;0;0;0;0;0;0;0;0;0;0;0;0;0;0;0;0;0;0;0;0;0;0;0;0;0;0;0;0;0;0;0;0;0;0;0;0;0;0;0;0;0;0;0;0;0;0;0;0;0;0;0;0
Leroy;Benjamin;DIJ;MAR;H;433;SUB;0;0;0;0;0;0;0;0;0;0;0;0;0;0;0;0;0;0;0;0;0;0;0;0;0;0;0;0;0;0;0;0;0;0;0;0;0;0;0;0;0;0;0;0;0;0;0;0;0;0;0;0;0;0;0;0;0;0;0;0;0;0;0;0
Tannane;Oussama;ETI;NTE;A;4231;SUB;0;0;0;0;0;0;0;0;0;0;0;0;0;0;0;0;0;0;0;0;0;0;0;0;0;0;0;0;0;0;0;0;0;0;0;0;0;0;0;0;0;0;0;0;0;0;0;0;0;0;0;0;0;0;0;0;0;0;0;0;0;0;0;0
Varrault;Cedric;DIJ;MAR;H;433;SUB;0;0;0;0;0;0;0;0;0;0;0;0;0;0;0;0;0;0;0;0;0;0;0;0;0;0;0;0;0;0;0;0;0;0;0;0;0;0;0;0;0;0;0;0;0;0;0;0;0;0;0;0;0;0;0;0;0;0;0;0;0;0;0;0
Chafik;Fouad;DIJ;MAR;H;433;SUB;0;0;0;0;0;0;0;0;0;0;0;0;0;0;0;0;0;0;0;0;0;0;0;0;0;0;0;0;0;0;0;0;0;0;0;0;0;0;0;0;0;0;0;0;0;0;0;0;0;0;0;0;0;0;0;0;0;0;0;0;0;0;0;0
Pajot;Vincent;ETI;NTE;A;4231;SUB;0;0;0;0;0;0;0;0;0;0;0;0;0;0;0;0;0;0;0;0;0;0;0;0;0;0;0;0;0;0;0;0;0;0;0;0;0;0;0;0;0;0;0;0;0;0;0;0;0;0;0;0;0;0;0;0;0;0;0;0;0;0;0;0
Beric;Robert;ETI;NTE;A;4231;SUB;0;0;0;0;0;0;0;0;0;0;0;0;0;0;0;0;0;0;0;0;0;0;0;0;0;0;0;0;0;0;0;0;0;0;0;0;0;0;0;0;0;0;0;0;0;0;0;0;0;0;0;0;0;0;0;0;0;0;0;0;0;0;0;0
Cheikh Diop;Pape;LYO;TOU;H;433;SUB;0;0;0;0;0;0;0;0;0;0;0;0;0;0;0;0;0;0;0;0;0;0;0;0;0;0;0;0;0;0;0;0;0;0;0;0;0;0;0;0;0;0;0;0;0;0;0;0;0;0;0;0;0;0;0;0;0;0;0;0;0;0;0;0
Ben Saada;Chaouki;TRO;NIC;H;4141;SUB;0;0;0;0;0;0;0;0;0;0;0;0;0;0;0;0;0;0;0;0;0;0;0;0;0;0;0;0;0;0;0;0;0;0;0;0;0;0;0;0;0;0;0;0;0;0;0;0;0;0;0;0;0;0;0;0;0;0;0;0;0;0;0;0
Goicoechea;Mauro;TOU;LYO;A;4141;SUB;0;0;0;0;0;0;0;0;0;0;0;0;0;0;0;0;0;0;0;0;0;0;0;0;0;0;0;0;0;0;0;0;0;0;0;0;0;0;0;0;0;0;0;0;0;0;0;0;0;0;0;0;0;0;0;0;0;0;0;0;0;0;0;0
Blin;Alexis;TOU;LYO;A;4141;SUB;0;0;0;0;0;0;0;0;0;0;0;0;0;0;0;0;0;0;0;0;0;0;0;0;0;0;0;0;0;0;0;0;0;0;0;0;0;0;0;0;0;0;0;0;0;0;0;0;0;0;0;0;0;0;0;0;0;0;0;0;0;0;0;0
Diakhaby;Mouctar;LYO;TOU;H;433;SUB;0;0;0;0;0;0;0;0;0;0;0;0;0;0;0;0;0;0;0;0;0;0;0;0;0;0;0;0;0;0;0;0;0;0;0;0;0;0;0;0;0;0;0;0;0;0;0;0;0;0;0;0;0;0;0;0;0;0;0;0;0;0;0;0
Gorgelin;Mathieu;LYO;TOU;H;433;SUB;0;0;0;0;0;0;0;0;0;0;0;0;0;0;0;0;0;0;0;0;0;0;0;0;0;0;0;0;0;0;0;0;0;0;0;0;0;0;0;0;0;0;0;0;0;0;0;0;0;0;0;0;0;0;0;0;0;0;0;0;0;0;0;0
Plasil;Jaroslav;BDX;GUI;A;433;SUB;0;0;0;0;0;0;0;0;0;0;0;0;0;0;0;0;0;0;0;0;0;0;0;0;0;0;0;0;0;0;0;0;0;0;0;0;0;0;0;0;0;0;0;0;0;0;0;0;0;0;0;0;0;0;0;0;0;0;0;0;0;0;0;0
Milicevic;Danjiel;MET;STR;A;4231;SUB;0;0;0;0;0;0;0;0;0;0;0;0;0;0;0;0;0;0;0;0;0;0;0;0;0;0;0;0;0;0;0;0;0;0;0;0;0;0;0;0;0;0;0;0;0;0;0;0;0;0;0;0;0;0;0;0;0;0;0;0;0;0;0;0
Toure;Almamy;MON;REN;A;4411;SUB;0;0;0;0;0;0;0;0;0;0;0;0;0;0;0;0;0;0;0;0;0;0;0;0;0;0;0;0;0;0;0;0;0;0;0;0;0;0;0;0;0;0;0;0;0;0;0;0;0;0;0;0;0;0;0;0;0;0;0;0;0;0;0;0
Sy;Seydou;MON;REN;A;4411;SUB;0;0;0;0;0;0;0;0;0;0;0;0;0;0;0;0;0;0;0;0;0;0;0;0;0;0;0;0;0;0;0;0;0;0;0;0;0;0;0;0;0;0;0;0;0;0;0;0;0;0;0;0;0;0;0;0;0;0;0;0;0;0;0;0
Caillard;Marc-Aurele;GUI;BDX;H;4231;SUB;0;0;0;0;0;0;0;0;0;0;0;0;0;0;0;0;0;0;0;0;0;0;0;0;0;0;0;0;0;0;0;0;0;0;0;0;0;0;0;0;0;0;0;0;0;0;0;0;0;0;0;0;0;0;0;0;0;0;0;0;0;0;0;0
Durmaz;Jimmy;TOU;LYO;A;4141;SUB;0;0;0;0;0;0;0;0;0;0;0;0;0;0;0;0;0;0;0;0;0;0;0;0;0;0;0;0;0;0;0;0;0;0;0;0;0;0;0;0;0;0;0;0;0;0;0;0;0;0;0;0;0;0;0;0;0;0;0;0;0;0;0;0
Tielemans;Youri;MON;REN;A;4411;SUB;0;0;0;0;0;0;0;0;0;0;0;0;0;0;0;0;0;0;0;0;0;0;0;0;0;0;0;0;0;0;0;0;0;0;0;0;0;0;0;0;0;0;0;0;0;0;0;0;0;0;0;0;0;0;0;0;0;0;0;0;0;0;0;0
Tete;Kenny;LYO;TOU;H;433;SUB;0;0;0;0;0;0;0;0;0;0;0;0;0;0;0;0;0;0;0;0;0;0;0;0;0;0;0;0;0;0;0;0;0;0;0;0;0;0;0;0;0;0;0;0;0;0;0;0;0;0;0;0;0;0;0;0;0;0;0;0;0;0;0;0
Gourcuff;Yoann;REN;MON;H;4141;SUB;0;0;0;0;0;0;0;0;0;0;0;0;0;0;0;0;0;0;0;0;0;0;0;0;0;0;0;0;0;0;0;0;0;0;0;0;0;0;0;0;0;0;0;0;0;0;0;0;0;0;0;0;0;0;0;0;0;0;0;0;0;0;0;0
Contento;Diego;BDX;GUI;A;433;SUB;0;0;0;0;0;0;0;0;0;0;0;0;0;0;0;0;0;0;0;0;0;0;0;0;0;0;0;0;0;0;0;0;0;0;0;0;0;0;0;0;0;0;0;0;0;0;0;0;0;0;0;0;0;0;0;0;0;0;0;0;0;0;0;0
Traore;Lacina;AMN;LIL;A;4411;SUB;0;0;0;0;0;0;0;0;0;0;0;0;0;0;0;0;0;0;0;0;0;0;0;0;0;0;0;0;0;0;0;0;0;0;0;0;0;0;0;0;0;0;0;0;0;0;0;0;0;0;0;0;0;0;0;0;0;0;0;0;0;0;0;0
Bedimo;Henri;MAR;DIJ;A;4231;SUB;0;0;0;0;0;0;0;0;0;0;0;0;0;0;0;0;0;0;0;0;0;0;0;0;0;0;0;0;0;0;0;0;0;0;0;0;0;0;0;0;0;0;0;0;0;0;0;0;0;0;0;0;0;0;0;0;0;0;0;0;0;0;0;0
Amalfitano;Morgan;REN;MON;H;4141;SUB;0;0;0;0;0;0;0;0;0;0;0;0;0;0;0;0;0;0;0;0;0;0;0;0;0;0;0;0;0;0;0;0;0;0;0;0;0;0;0;0;0;0;0;0;0;0;0;0;0;0;0;0;0;0;0;0;0;0;0;0;0;0;0;0
Mitroglou;Konstantinos;MAR;DIJ;A;4231;SUB;0;0;0;0;0;0;0;0;0;0;0;0;0;0;0;0;0;0;0;0;0;0;0;0;0;0;0;0;0;0;0;0;0;0;0;0;0;0;0;0;0;0;0;0;0;0;0;0;0;0;0;0;0;0;0;0;0;0;0;0;0;0;0;0
Lopez;Maxime;MAR;DIJ;A;4231;SUB;0;0;0;0;0;0;0;0;0;0;0;0;0;0;0;0;0;0;0;0;0;0;0;0;0;0;0;0;0;0;0;0;0;0;0;0;0;0;0;0;0;0;0;0;0;0;0;0;0;0;0;0;0;0;0;0;0;0;0;0;0;0;0;0
Jeannot;Benjamin;DIJ;MAR;H;433;SUB;0;0;0;0;0;0;0;0;0;0;0;0;0;0;0;0;0;0;0;0;0;0;0;0;0;0;0;0;0;0;0;0;0;0;0;0;0;0;0;0;0;0;0;0;0;0;0;0;0;0;0;0;0;0;0;0;0;0;0;0;0;0;0;0
Coco;Marcus;GUI;BDX;H;4231;SUB;0;0;0;0;0;0;0;0;0;0;0;0;0;0;0;0;0;0;0;0;0;0;0;0;0;0;0;0;0;0;0;0;0;0;0;0;0;0;0;0;0;0;0;0;0;0;0;0;0;0;0;0;0;0;0;0;0;0;0;0;0;0;0;0
Samassa;Mamadou;TRO;NIC;H;4141;SUB;0;0;0;0;0;0;0;0;0;0;0;0;0;0;0;0;0;0;0;0;0;0;0;0;0;0;0;0;0;0;0;0;0;0;0;0;0;0;0;0;0;0;0;0;0;0;0;0;0;0;0;0;0;0;0;0;0;0;0;0;0;0;0;0
Pionnier;Laurent;MTP;CAE;A;3421;SUB;0;0;0;0;0;0;0;0;0;0;0;0;0;0;0;0;0;0;0;0;0;0;0;0;0;0;0;0;0;0;0;0;0;0;0;0;0;0;0;0;0;0;0;0;0;0;0;0;0;0;0;0;0;0;0;0;0;0;0;0;0;0;0;0
Bensebaini;Ramy;REN;MON;H;4141;SUB;0;0;0;0;0;0;0;0;0;0;0;0;0;0;0;0;0;0;0;0;0;0;0;0;0;0;0;0;0;0;0;0;0;0;0;0;0;0;0;0;0;0;0;0;0;0;0;0;0;0;0;0;0;0;0;0;0;0;0;0;0;0;0;0
Dupe;Maxime;NTE;ETI;H;4231;SUB;0;0;0;0;0;0;0;0;0;0;0;0;0;0;0;0;0;0;0;0;0;0;0;0;0;0;0;0;0;0;0;0;0;0;0;0;0;0;0;0;0;0;0;0;0;0;0;0;0;0;0;0;0;0;0;0;0;0;0;0;0;0;0;0
Camara;Souleymane;MTP;CAE;A;3421;SUB;0;0;0;0;0;0;0;0;0;0;0;0;0;0;0;0;0;0;0;0;0;0;0;0;0;0;0;0;0;0;0;0;0;0;0;0;0;0;0;0;0;0;0;0;0;0;0;0;0;0;0;0;0;0;0;0;0;0;0;0;0;0;0;0
Djidji;Koffi;NTE;ETI;H;4231;SUB;0;0;0;0;0;0;0;0;0;0;0;0;0;0;0;0;0;0;0;0;0;0;0;0;0;0;0;0;0;0;0;0;0;0;0;0;0;0;0;0;0;0;0;0;0;0;0;0;0;0;0;0;0;0;0;0;0;0;0;0;0;0;0;0
Moulin;Jessy;ETI;NTE;A;4231;SUB;0;0;0;0;0;0;0;0;0;0;0;0;0;0;0;0;0;0;0;0;0;0;0;0;0;0;0;0;0;0;0;0;0;0;0;0;0;0;0;0;0;0;0;0;0;0;0;0;0;0;0;0;0;0;0;0;0;0;0;0;0;0;0;0
Martins Pereira;Jonathan;GUI;BDX;H;4231;SUB;0;0;0;0;0;0;0;0;0;0;0;0;0;0;0;0;0;0;0;0;0;0;0;0;0;0;0;0;0;0;0;0;0;0;0;0;0;0;0;0;0;0;0;0;0;0;0;0;0;0;0;0;0;0;0;0;0;0;0;0;0;0;0;0
Diallo;Abdoulaye;REN;MON;H;4141;SUB;0;0;0;0;0;0;0;0;0;0;0;0;0;0;0;0;0;0;0;0;0;0;0;0;0;0;0;0;0;0;0;0;0;0;0;0;0;0;0;0;0;0;0;0;0;0;0;0;0;0;0;0;0;0;0;0;0;0;0;0;0;0;0;0
Zeffane;Mehdi;REN;MON;H;4141;SUB;0;0;0;0;0;0;0;0;0;0;0;0;0;0;0;0;0;0;0;0;0;0;0;0;0;0;0;0;0;0;0;0;0;0;0;0;0;0;0;0;0;0;0;0;0;0;0;0;0;0;0;0;0;0;0;0;0;0;0;0;0;0;0;0
Le Bihan;Mickael;NIC;TRO;A;433;SUB;0;0;0;0;0;0;0;0;0;0;0;0;0;0;0;0;0;0;0;0;0;0;0;0;0;0;0;0;0;0;0;0;0;0;0;0;0;0;0;0;0;0;0;0;0;0;0;0;0;0;0;0;0;0;0;0;0;0;0;0;0;0;0;0
Cardinale;Yoan;NIC;TRO;A;433;SUB;0;0;0;0;0;0;0;0;0;0;0;0;0;0;0;0;0;0;0;0;0;0;0;0;0;0;0;0;0;0;0;0;0;0;0;0;0;0;0;0;0;0;0;0;0;0;0;0;0;0;0;0;0;0;0;0;0;0;0;0;0;0;0;0
Soumare;Boubakary;LIL;AMN;H;442;SUB;0;0;0;0;0;0;0;0;0;0;0;0;0;0;0;0;0;0;0;0;0;0;0;0;0;0;0;0;0;0;0;0;0;0;0;0;0;0;0;0;0;0;0;0;0;0;0;0;0;0;0;0;0;0;0;0;0;0;0;0;0;0;0;0
Beunardeau;Quentin;MET;STR;A;4231;SUB;0;0;0;0;0;0;0;0;0;0;0;0;0;0;0;0;0;0;0;0;0;0;0;0;0;0;0;0;0;0;0;0;0;0;0;0;0;0;0;0;0;0;0;0;0;0;0;0;0;0;0;0;0;0;0;0;0;0;0;0;0;0;0;0
N'Gom;Santy;NTE;ETI;H;4231;SUB;0;0;0;0;0;0;0;0;0;0;0;0;0;0;0;0;0;0;0;0;0;0;0;0;0;0;0;0;0;0;0;0;0;0;0;0;0;0;0;0;0;0;0;0;0;0;0;0;0;0;0;0;0;0;0;0;0;0;0;0;0;0;0;0
Coly;Racine;NIC;TRO;A;433;SUB;0;0;0;0;0;0;0;0;0;0;0;0;0;0;0;0;0;0;0;0;0;0;0;0;0;0;0;0;0;0;0;0;0;0;0;0;0;0;0;0;0;0;0;0;0;0;0;0;0;0;0;0;0;0;0;0;0;0;0;0;0;0;0;0
Sari;Yusuf;MAR;DIJ;A;4231;SUB;0;0;0;0;0;0;0;0;0;0;0;0;0;0;0;0;0;0;0;0;0;0;0;0;0;0;0;0;0;0;0;0;0;0;0;0;0;0;0;0;0;0;0;0;0;0;0;0;0;0;0;0;0;0;0;0;0;0;0;0;0;0;0;0
